input_file; input_size; model_type; setup_model; randomseed; nthreads; opt_time; note;
att48; 48; greedy_best_two_opt; 0; 4; 0.007420; 11185.000000
att48; 48; greedy_best_two_opt; 123456; 4; 0.007318; 11185.000000
att48; 48; greedy_best_two_opt; 666; 4; 0.006783; 11185.000000
att48; 48; greedy_best_two_opt; 777; 4; 0.007099; 11185.000000
att48; 48; greedy_best_two_opt; 1995; 4; 0.007184; 11185.000000
berlin52; 52; greedy_best_two_opt; 0; 4; 0.007196; 7711.000000
berlin52; 52; greedy_best_two_opt; 123456; 4; 0.007845; 7711.000000
berlin52; 52; greedy_best_two_opt; 666; 4; 0.007252; 7711.000000
berlin52; 52; greedy_best_two_opt; 777; 4; 0.007171; 7711.000000
berlin52; 52; greedy_best_two_opt; 1995; 4; 0.007617; 7711.000000
bier127; 127; greedy_best_two_opt; 0; 4; 0.206768; 122057.000000
bier127; 127; greedy_best_two_opt; 123456; 4; 0.207477; 122057.000000
bier127; 127; greedy_best_two_opt; 666; 4; 0.205087; 122057.000000
bier127; 127; greedy_best_two_opt; 777; 4; 0.208203; 122057.000000
bier127; 127; greedy_best_two_opt; 1995; 4; 0.203688; 122057.000000
burma14; 14; greedy_best_two_opt; 0; 4; 0.000331; 3323.000000
burma14; 14; greedy_best_two_opt; 123456; 4; 0.000425; 3323.000000
burma14; 14; greedy_best_two_opt; 666; 4; 0.000362; 3323.000000
burma14; 14; greedy_best_two_opt; 777; 4; 0.000357; 3323.000000
burma14; 14; greedy_best_two_opt; 1995; 4; 0.000358; 3323.000000
ch130; 130; greedy_best_two_opt; 0; 4; 0.228653; 6414.000000
ch130; 130; greedy_best_two_opt; 123456; 4; 0.221138; 6414.000000
ch130; 130; greedy_best_two_opt; 666; 4; 0.220473; 6414.000000
ch130; 130; greedy_best_two_opt; 777; 4; 0.220120; 6414.000000
ch130; 130; greedy_best_two_opt; 1995; 4; 0.227969; 6414.000000
ch150; 150; greedy_best_two_opt; 0; 4; 0.374678; 6617.000000
ch150; 150; greedy_best_two_opt; 123456; 4; 0.378035; 6617.000000
ch150; 150; greedy_best_two_opt; 666; 4; 0.378457; 6617.000000
ch150; 150; greedy_best_two_opt; 777; 4; 0.390098; 6617.000000
ch150; 150; greedy_best_two_opt; 1995; 4; 0.382437; 6617.000000
eil101; 101; greedy_best_two_opt; 0; 4; 0.093877; 639.000000
eil101; 101; greedy_best_two_opt; 123456; 4; 0.089086; 639.000000
eil101; 101; greedy_best_two_opt; 666; 4; 0.086874; 639.000000
eil101; 101; greedy_best_two_opt; 777; 4; 0.086611; 639.000000
eil101; 101; greedy_best_two_opt; 1995; 4; 0.088353; 639.000000
eil51; 51; greedy_best_two_opt; 0; 4; 0.008376; 434.000000
eil51; 51; greedy_best_two_opt; 123456; 4; 0.007434; 434.000000
eil51; 51; greedy_best_two_opt; 666; 4; 0.006972; 434.000000
eil51; 51; greedy_best_two_opt; 777; 4; 0.006790; 434.000000
eil51; 51; greedy_best_two_opt; 1995; 4; 0.006815; 434.000000
eil76; 76; greedy_best_two_opt; 0; 4; 0.033079; 554.000000
eil76; 76; greedy_best_two_opt; 123456; 4; 0.030022; 554.000000
eil76; 76; greedy_best_two_opt; 666; 4; 0.032574; 554.000000
eil76; 76; greedy_best_two_opt; 777; 4; 0.031033; 554.000000
eil76; 76; greedy_best_two_opt; 1995; 4; 0.032488; 554.000000
gr137; 137; greedy_best_two_opt; 0; 4; 0.506467; 75277.000000
gr137; 137; greedy_best_two_opt; 123456; 4; 0.658609; 75277.000000
gr137; 137; greedy_best_two_opt; 666; 4; 0.697837; 75277.000000
gr137; 137; greedy_best_two_opt; 777; 4; 0.716236; 75277.000000
gr137; 137; greedy_best_two_opt; 1995; 4; 0.718214; 75277.000000
gr96; 96; greedy_best_two_opt; 0; 4; 0.217430; 57581.000000
gr96; 96; greedy_best_two_opt; 123456; 4; 0.220003; 57581.000000
gr96; 96; greedy_best_two_opt; 666; 4; 0.221174; 57581.000000
gr96; 96; greedy_best_two_opt; 777; 4; 0.221877; 57581.000000
gr96; 96; greedy_best_two_opt; 1995; 4; 0.217011; 57581.000000
kroA100; 100; greedy_best_two_opt; 0; 4; 0.135674; 21389.000000
kroA100; 100; greedy_best_two_opt; 123456; 4; 0.145435; 21389.000000
kroA100; 100; greedy_best_two_opt; 666; 4; 0.157189; 21389.000000
kroA100; 100; greedy_best_two_opt; 777; 4; 0.145490; 21389.000000
kroA100; 100; greedy_best_two_opt; 1995; 4; 0.139625; 21389.000000
kroA150; 150; greedy_best_two_opt; 0; 4; 0.644466; 28208.000000
kroA150; 150; greedy_best_two_opt; 123456; 4; 0.619484; 28208.000000
kroA150; 150; greedy_best_two_opt; 666; 4; 0.604874; 28208.000000
kroA150; 150; greedy_best_two_opt; 777; 4; 0.614724; 28208.000000
kroA150; 150; greedy_best_two_opt; 1995; 4; 0.610669; 28208.000000
kroB100; 100; greedy_best_two_opt; 0; 4; 0.135015; 23099.000000
kroB100; 100; greedy_best_two_opt; 123456; 4; 0.133944; 23099.000000
kroB100; 100; greedy_best_two_opt; 666; 4; 0.138387; 23099.000000
kroB100; 100; greedy_best_two_opt; 777; 4; 0.145412; 23099.000000
kroB100; 100; greedy_best_two_opt; 1995; 4; 0.141209; 23099.000000
kroB150; 150; greedy_best_two_opt; 0; 4; 0.638360; 27027.000000
kroB150; 150; greedy_best_two_opt; 123456; 4; 0.616154; 27027.000000
kroB150; 150; greedy_best_two_opt; 666; 4; 0.610042; 27027.000000
kroB150; 150; greedy_best_two_opt; 777; 4; 0.611668; 27027.000000
kroB150; 150; greedy_best_two_opt; 1995; 4; 0.613608; 27027.000000
kroC100; 100; greedy_best_two_opt; 0; 4; 0.133179; 21232.000000
kroC100; 100; greedy_best_two_opt; 123456; 4; 0.132859; 21232.000000
kroC100; 100; greedy_best_two_opt; 666; 4; 0.132707; 21232.000000
kroC100; 100; greedy_best_two_opt; 777; 4; 0.140942; 21232.000000
kroC100; 100; greedy_best_two_opt; 1995; 4; 0.137324; 21232.000000
kroD100; 100; greedy_best_two_opt; 0; 4; 0.134114; 22840.000000
kroD100; 100; greedy_best_two_opt; 123456; 4; 0.135088; 22840.000000
kroD100; 100; greedy_best_two_opt; 666; 4; 0.140032; 22840.000000
kroD100; 100; greedy_best_two_opt; 777; 4; 0.137648; 22840.000000
kroD100; 100; greedy_best_two_opt; 1995; 4; 0.146066; 22840.000000
kroE100; 100; greedy_best_two_opt; 0; 4; 0.147566; 22466.000000
kroE100; 100; greedy_best_two_opt; 123456; 4; 0.148144; 22466.000000
kroE100; 100; greedy_best_two_opt; 666; 4; 0.149649; 22466.000000
kroE100; 100; greedy_best_two_opt; 777; 4; 0.145683; 22466.000000
kroE100; 100; greedy_best_two_opt; 1995; 4; 0.141092; 22466.000000
lin105; 105; greedy_best_two_opt; 0; 4; 0.173281; 15139.000000
lin105; 105; greedy_best_two_opt; 123456; 4; 0.169659; 15139.000000
lin105; 105; greedy_best_two_opt; 666; 4; 0.170135; 15139.000000
lin105; 105; greedy_best_two_opt; 777; 4; 0.167320; 15139.000000
lin105; 105; greedy_best_two_opt; 1995; 4; 0.170114; 15139.000000
pr107; 107; greedy_best_two_opt; 0; 4; 0.179034; 44648.000000
pr107; 107; greedy_best_two_opt; 123456; 4; 0.176364; 44648.000000
pr107; 107; greedy_best_two_opt; 666; 4; 0.175671; 44648.000000
pr107; 107; greedy_best_two_opt; 777; 4; 0.175873; 44648.000000
pr107; 107; greedy_best_two_opt; 1995; 4; 0.176153; 44648.000000
pr124; 124; greedy_best_two_opt; 0; 4; 0.293209; 60372.000000
pr124; 124; greedy_best_two_opt; 123456; 4; 0.301114; 60372.000000
pr124; 124; greedy_best_two_opt; 666; 4; 0.305403; 60372.000000
pr124; 124; greedy_best_two_opt; 777; 4; 0.301763; 60372.000000
pr124; 124; greedy_best_two_opt; 1995; 4; 0.305158; 60372.000000
pr136; 136; greedy_best_two_opt; 0; 4; 0.434479; 105215.000000
pr136; 136; greedy_best_two_opt; 123456; 4; 0.443251; 105215.000000
pr136; 136; greedy_best_two_opt; 666; 4; 0.443280; 105215.000000
pr136; 136; greedy_best_two_opt; 777; 4; 0.454580; 105215.000000
pr136; 136; greedy_best_two_opt; 1995; 4; 0.450584; 105215.000000
pr144; 144; greedy_best_two_opt; 0; 4; 0.532898; 60754.000000
pr144; 144; greedy_best_two_opt; 123456; 4; 0.524391; 60754.000000
pr144; 144; greedy_best_two_opt; 666; 4; 0.528055; 60754.000000
pr144; 144; greedy_best_two_opt; 777; 4; 0.528714; 60754.000000
pr144; 144; greedy_best_two_opt; 1995; 4; 0.529726; 60754.000000
pr76; 76; greedy_best_two_opt; 0; 4; 0.049686; 113404.000000
pr76; 76; greedy_best_two_opt; 123456; 4; 0.051681; 113404.000000
pr76; 76; greedy_best_two_opt; 666; 4; 0.051864; 113404.000000
pr76; 76; greedy_best_two_opt; 777; 4; 0.051638; 113404.000000
pr76; 76; greedy_best_two_opt; 1995; 4; 0.053728; 113404.000000
rat99; 99; greedy_best_two_opt; 0; 4; 0.141808; 1259.000000
rat99; 99; greedy_best_two_opt; 123456; 4; 0.139856; 1259.000000
rat99; 99; greedy_best_two_opt; 666; 4; 0.136163; 1259.000000
rat99; 99; greedy_best_two_opt; 777; 4; 0.137072; 1259.000000
rat99; 99; greedy_best_two_opt; 1995; 4; 0.151912; 1259.000000
rd100; 100; greedy_best_two_opt; 0; 4; 0.147471; 8347.000000
rd100; 100; greedy_best_two_opt; 123456; 4; 0.144764; 8347.000000
rd100; 100; greedy_best_two_opt; 666; 4; 0.141502; 8347.000000
rd100; 100; greedy_best_two_opt; 777; 4; 0.140234; 8347.000000
rd100; 100; greedy_best_two_opt; 1995; 4; 0.139591; 8347.000000
st70; 70; greedy_best_two_opt; 0; 4; 0.035826; 728.000000
st70; 70; greedy_best_two_opt; 123456; 4; 0.037202; 728.000000
st70; 70; greedy_best_two_opt; 666; 4; 0.042534; 728.000000
st70; 70; greedy_best_two_opt; 777; 4; 0.043274; 728.000000
st70; 70; greedy_best_two_opt; 1995; 4; 0.041386; 728.000000
ulysses16; 16; greedy_best_two_opt; 0; 4; 0.001064; 6909.000000
ulysses16; 16; greedy_best_two_opt; 123456; 4; 0.000829; 6909.000000
ulysses16; 16; greedy_best_two_opt; 666; 4; 0.001132; 6909.000000
ulysses16; 16; greedy_best_two_opt; 777; 4; 0.000799; 6909.000000
ulysses16; 16; greedy_best_two_opt; 1995; 4; 0.000798; 6909.000000
ulysses22; 22; greedy_best_two_opt; 0; 4; 0.002978; 7083.000000
ulysses22; 22; greedy_best_two_opt; 123456; 4; 0.002324; 7083.000000
ulysses22; 22; greedy_best_two_opt; 666; 4; 0.002178; 7083.000000
ulysses22; 22; greedy_best_two_opt; 777; 4; 0.002233; 7083.000000
ulysses22; 22; greedy_best_two_opt; 1995; 4; 0.002232; 7083.000000
a280; 280; greedy_best_two_opt; 0; 4; 4.161287; 2685.000000
a280; 280; greedy_best_two_opt; 123456; 4; 4.220284; 2685.000000
a280; 280; greedy_best_two_opt; 666; 4; 6.646902; 2685.000000
a280; 280; greedy_best_two_opt; 777; 4; 6.295975; 2685.000000
a280; 280; greedy_best_two_opt; 1995; 4; 6.076593; 2685.000000
d198; 198; greedy_best_two_opt; 0; 4; 1.579630; 16075.000000
d198; 198; greedy_best_two_opt; 123456; 4; 1.686687; 16075.000000
d198; 198; greedy_best_two_opt; 666; 4; 1.651806; 16075.000000
d198; 198; greedy_best_two_opt; 777; 4; 1.669185; 16075.000000
d198; 198; greedy_best_two_opt; 1995; 4; 1.636018; 16075.000000
gil262; 262; greedy_best_two_opt; 0; 4; 4.587882; 2553.000000
gil262; 262; greedy_best_two_opt; 123456; 4; 4.583606; 2553.000000
gil262; 262; greedy_best_two_opt; 666; 4; 4.550501; 2553.000000
gil262; 262; greedy_best_two_opt; 777; 4; 4.573015; 2553.000000
gil262; 262; greedy_best_two_opt; 1995; 4; 4.559790; 2553.000000
gr202; 202; greedy_best_two_opt; 0; 4; 2.481092; 43059.000000
gr202; 202; greedy_best_two_opt; 123456; 4; 2.471188; 43059.000000
gr202; 202; greedy_best_two_opt; 666; 4; 2.546579; 43059.000000
gr202; 202; greedy_best_two_opt; 777; 4; 2.451282; 43059.000000
gr202; 202; greedy_best_two_opt; 1995; 4; 2.427493; 43059.000000
gr229; 229; greedy_best_two_opt; 0; 4; 3.790619; 138713.000000
gr229; 229; greedy_best_two_opt; 123456; 4; 3.837370; 138713.000000
gr229; 229; greedy_best_two_opt; 666; 4; 3.784559; 138713.000000
gr229; 229; greedy_best_two_opt; 777; 4; 3.770384; 138713.000000
gr229; 229; greedy_best_two_opt; 1995; 4; 3.944455; 138713.000000
kroA200; 200; greedy_best_two_opt; 0; 4; 1.663211; 30189.000000
kroA200; 200; greedy_best_two_opt; 123456; 4; 1.661817; 30189.000000
kroA200; 200; greedy_best_two_opt; 666; 4; 1.648808; 30189.000000
kroA200; 200; greedy_best_two_opt; 777; 4; 1.645034; 30189.000000
kroA200; 200; greedy_best_two_opt; 1995; 4; 1.726109; 30189.000000
kroB200; 200; greedy_best_two_opt; 0; 4; 1.665001; 31796.000000
kroB200; 200; greedy_best_two_opt; 123456; 4; 1.658326; 31796.000000
kroB200; 200; greedy_best_two_opt; 666; 4; 1.642712; 31796.000000
kroB200; 200; greedy_best_two_opt; 777; 4; 1.641819; 31796.000000
kroB200; 200; greedy_best_two_opt; 1995; 4; 1.651556; 31796.000000
pr152; 152; greedy_best_two_opt; 0; 4; 0.580437; 75392.000000
pr152; 152; greedy_best_two_opt; 123456; 4; 0.612709; 75392.000000
pr152; 152; greedy_best_two_opt; 666; 4; 0.615473; 75392.000000
pr152; 152; greedy_best_two_opt; 777; 4; 0.704897; 75392.000000
pr152; 152; greedy_best_two_opt; 1995; 4; 0.703374; 75392.000000
pr226; 226; greedy_best_two_opt; 0; 4; 2.831506; 83277.000000
pr226; 226; greedy_best_two_opt; 123456; 4; 2.627420; 83277.000000
pr226; 226; greedy_best_two_opt; 666; 4; 2.598922; 83277.000000
pr226; 226; greedy_best_two_opt; 777; 4; 2.687350; 83277.000000
pr226; 226; greedy_best_two_opt; 1995; 4; 2.572039; 83277.000000
pr264; 264; greedy_best_two_opt; 0; 4; 4.581305; 52084.000000
pr264; 264; greedy_best_two_opt; 123456; 4; 4.590820; 52084.000000
pr264; 264; greedy_best_two_opt; 666; 4; 4.835816; 52084.000000
pr264; 264; greedy_best_two_opt; 777; 4; 4.788790; 52084.000000
pr264; 264; greedy_best_two_opt; 1995; 4; 4.813988; 52084.000000
pr299; 299; greedy_best_two_opt; 0; 4; 7.721211; 50126.000000
pr299; 299; greedy_best_two_opt; 123456; 4; 7.759133; 50126.000000
pr299; 299; greedy_best_two_opt; 666; 4; 7.662389; 50126.000000
pr299; 299; greedy_best_two_opt; 777; 4; 7.624550; 50126.000000
pr299; 299; greedy_best_two_opt; 1995; 4; 7.691709; 50126.000000
rat195; 195; greedy_best_two_opt; 0; 4; 1.568036; 2393.000000
rat195; 195; greedy_best_two_opt; 123456; 4; 1.529456; 2393.000000
rat195; 195; greedy_best_two_opt; 666; 4; 1.521555; 2393.000000
rat195; 195; greedy_best_two_opt; 777; 4; 1.554706; 2393.000000
rat195; 195; greedy_best_two_opt; 1995; 4; 1.591126; 2393.000000
rkoA200; 200; greedy_best_two_opt; 0; 4; 1.691016; 30189.000000
rkoA200; 200; greedy_best_two_opt; 123456; 4; 1.658838; 30189.000000
rkoA200; 200; greedy_best_two_opt; 666; 4; 1.663148; 30189.000000
rkoA200; 200; greedy_best_two_opt; 777; 4; 1.658955; 30189.000000
rkoA200; 200; greedy_best_two_opt; 1995; 4; 1.656685; 30189.000000
ts225; 225; greedy_best_two_opt; 0; 4; 2.568686; 127961.000000
ts225; 225; greedy_best_two_opt; 123456; 4; 2.574619; 127961.000000
ts225; 225; greedy_best_two_opt; 666; 4; 2.570967; 127961.000000
ts225; 225; greedy_best_two_opt; 777; 4; 2.563200; 127961.000000
ts225; 225; greedy_best_two_opt; 1995; 4; 2.561516; 127961.000000
tsp225; 225; greedy_best_two_opt; 0; 4; 2.648293; 4079.000000
tsp225; 225; greedy_best_two_opt; 123456; 4; 2.586249; 4079.000000
tsp225; 225; greedy_best_two_opt; 666; 4; 2.573822; 4079.000000
tsp225; 225; greedy_best_two_opt; 777; 4; 2.578809; 4079.000000
tsp225; 225; greedy_best_two_opt; 1995; 4; 2.537318; 4079.000000
u159; 159; greedy_best_two_opt; 0; 4; 0.696194; 43361.000000
u159; 159; greedy_best_two_opt; 123456; 4; 0.733657; 43361.000000
u159; 159; greedy_best_two_opt; 666; 4; 0.733303; 43361.000000
u159; 159; greedy_best_two_opt; 777; 4; 0.769164; 43361.000000
u159; 159; greedy_best_two_opt; 1995; 4; 0.780075; 43361.000000
att48; 48; insertion_best_two_opt; 0; 4; 0.002358; 11038.000000
att48; 48; insertion_best_two_opt; 123456; 4; 0.002978; 11085.000000
att48; 48; insertion_best_two_opt; 666; 4; 0.002399; 11153.000000
att48; 48; insertion_best_two_opt; 777; 4; 0.003202; 11298.000000
att48; 48; insertion_best_two_opt; 1995; 4; 0.003184; 11273.000000
berlin52; 52; insertion_best_two_opt; 0; 4; 0.002745; 7860.000000
berlin52; 52; insertion_best_two_opt; 123456; 4; 0.003243; 7745.000000
berlin52; 52; insertion_best_two_opt; 666; 4; 0.002724; 8264.000000
berlin52; 52; insertion_best_two_opt; 777; 4; 0.003174; 8124.000000
berlin52; 52; insertion_best_two_opt; 1995; 4; 0.004741; 8075.000000
bier127; 127; insertion_best_two_opt; 0; 4; 0.053168; 129370.000000
bier127; 127; insertion_best_two_opt; 123456; 4; 0.065402; 130446.000000
bier127; 127; insertion_best_two_opt; 666; 4; 0.053962; 126940.000000
bier127; 127; insertion_best_two_opt; 777; 4; 0.050725; 128421.000000
bier127; 127; insertion_best_two_opt; 1995; 4; 0.029637; 132523.000000
burma14; 14; insertion_best_two_opt; 0; 4; 0.001226; 3323.000000
burma14; 14; insertion_best_two_opt; 123456; 4; 0.000173; 3336.000000
burma14; 14; insertion_best_two_opt; 666; 4; 0.000252; 3336.000000
burma14; 14; insertion_best_two_opt; 777; 4; 0.000607; 3323.000000
burma14; 14; insertion_best_two_opt; 1995; 4; 0.000231; 3323.000000
ch130; 130; insertion_best_two_opt; 0; 4; 0.044773; 6475.000000
ch130; 130; insertion_best_two_opt; 123456; 4; 0.049455; 6560.000000
ch130; 130; insertion_best_two_opt; 666; 4; 0.034277; 6624.000000
ch130; 130; insertion_best_two_opt; 777; 4; 0.046658; 6555.000000
ch130; 130; insertion_best_two_opt; 1995; 4; 0.042064; 6537.000000
ch150; 150; insertion_best_two_opt; 0; 4; 0.059312; 7268.000000
ch150; 150; insertion_best_two_opt; 123456; 4; 0.055709; 6983.000000
ch150; 150; insertion_best_two_opt; 666; 4; 0.043828; 6925.000000
ch150; 150; insertion_best_two_opt; 777; 4; 0.041570; 6949.000000
ch150; 150; insertion_best_two_opt; 1995; 4; 0.049094; 6981.000000
eil101; 101; insertion_best_two_opt; 0; 4; 0.011983; 693.000000
eil101; 101; insertion_best_two_opt; 123456; 4; 0.009759; 694.000000
eil101; 101; insertion_best_two_opt; 666; 4; 0.011612; 702.000000
eil101; 101; insertion_best_two_opt; 777; 4; 0.011431; 710.000000
eil101; 101; insertion_best_two_opt; 1995; 4; 0.016760; 692.000000
eil51; 51; insertion_best_two_opt; 0; 4; 0.005049; 458.000000
eil51; 51; insertion_best_two_opt; 123456; 4; 0.002094; 463.000000
eil51; 51; insertion_best_two_opt; 666; 4; 0.002681; 460.000000
eil51; 51; insertion_best_two_opt; 777; 4; 0.002717; 463.000000
eil51; 51; insertion_best_two_opt; 1995; 4; 0.002247; 463.000000
eil76; 76; insertion_best_two_opt; 0; 4; 0.005636; 586.000000
eil76; 76; insertion_best_two_opt; 123456; 4; 0.006509; 601.000000
eil76; 76; insertion_best_two_opt; 666; 4; 0.007333; 586.000000
eil76; 76; insertion_best_two_opt; 777; 4; 0.010204; 596.000000
eil76; 76; insertion_best_two_opt; 1995; 4; 0.009676; 586.000000
gr137; 137; insertion_best_two_opt; 0; 4; 0.159244; 76299.000000
gr137; 137; insertion_best_two_opt; 123456; 4; 0.170048; 73364.000000
gr137; 137; insertion_best_two_opt; 666; 4; 0.165584; 78605.000000
gr137; 137; insertion_best_two_opt; 777; 4; 0.073577; 77080.000000
gr137; 137; insertion_best_two_opt; 1995; 4; 0.101200; 73699.000000
gr96; 96; insertion_best_two_opt; 0; 4; 0.044563; 59698.000000
gr96; 96; insertion_best_two_opt; 123456; 4; 0.027467; 59568.000000
gr96; 96; insertion_best_two_opt; 666; 4; 0.045486; 59788.000000
gr96; 96; insertion_best_two_opt; 777; 4; 0.034790; 61569.000000
gr96; 96; insertion_best_two_opt; 1995; 4; 0.038321; 59021.000000
kroA100; 100; insertion_best_two_opt; 0; 4; 0.025830; 21595.000000
kroA100; 100; insertion_best_two_opt; 123456; 4; 0.024696; 21595.000000
kroA100; 100; insertion_best_two_opt; 666; 4; 0.026132; 21745.000000
kroA100; 100; insertion_best_two_opt; 777; 4; 0.020230; 21916.000000
kroA100; 100; insertion_best_two_opt; 1995; 4; 0.026178; 22042.000000
kroA150; 150; insertion_best_two_opt; 0; 4; 0.045624; 27919.000000
kroA150; 150; insertion_best_two_opt; 123456; 4; 0.036658; 28213.000000
kroA150; 150; insertion_best_two_opt; 666; 4; 0.051342; 28226.000000
kroA150; 150; insertion_best_two_opt; 777; 4; 0.042002; 27860.000000
kroA150; 150; insertion_best_two_opt; 1995; 4; 0.060629; 28200.000000
kroB100; 100; insertion_best_two_opt; 0; 4; 0.011124; 23602.000000
kroB100; 100; insertion_best_two_opt; 123456; 4; 0.010948; 23638.000000
kroB100; 100; insertion_best_two_opt; 666; 4; 0.018803; 23569.000000
kroB100; 100; insertion_best_two_opt; 777; 4; 0.010316; 23946.000000
kroB100; 100; insertion_best_two_opt; 1995; 4; 0.014493; 23602.000000
kroB150; 150; insertion_best_two_opt; 0; 4; 0.065318; 27516.000000
kroB150; 150; insertion_best_two_opt; 123456; 4; 0.048928; 27324.000000
kroB150; 150; insertion_best_two_opt; 666; 4; 0.048895; 26739.000000
kroB150; 150; insertion_best_two_opt; 777; 4; 0.045008; 27005.000000
kroB150; 150; insertion_best_two_opt; 1995; 4; 0.060823; 27432.000000
kroC100; 100; insertion_best_two_opt; 0; 4; 0.010746; 22000.000000
kroC100; 100; insertion_best_two_opt; 123456; 4; 0.011439; 21821.000000
kroC100; 100; insertion_best_two_opt; 666; 4; 0.018063; 21977.000000
kroC100; 100; insertion_best_two_opt; 777; 4; 0.023770; 21783.000000
kroC100; 100; insertion_best_two_opt; 1995; 4; 0.014180; 21659.000000
kroD100; 100; insertion_best_two_opt; 0; 4; 0.012702; 22316.000000
kroD100; 100; insertion_best_two_opt; 123456; 4; 0.029749; 22789.000000
kroD100; 100; insertion_best_two_opt; 666; 4; 0.011613; 21956.000000
kroD100; 100; insertion_best_two_opt; 777; 4; 0.020190; 22490.000000
kroD100; 100; insertion_best_two_opt; 1995; 4; 0.018686; 22105.000000
kroE100; 100; insertion_best_two_opt; 0; 4; 0.015144; 23273.000000
kroE100; 100; insertion_best_two_opt; 123456; 4; 0.021542; 23985.000000
kroE100; 100; insertion_best_two_opt; 666; 4; 0.013268; 24114.000000
kroE100; 100; insertion_best_two_opt; 777; 4; 0.015255; 23523.000000
kroE100; 100; insertion_best_two_opt; 1995; 4; 0.020898; 23523.000000
lin105; 105; insertion_best_two_opt; 0; 4; 0.028094; 16801.000000
lin105; 105; insertion_best_two_opt; 123456; 4; 0.020716; 15606.000000
lin105; 105; insertion_best_two_opt; 666; 4; 0.031686; 14669.000000
lin105; 105; insertion_best_two_opt; 777; 4; 0.031309; 15107.000000
lin105; 105; insertion_best_two_opt; 1995; 4; 0.032858; 15543.000000
pr107; 107; insertion_best_two_opt; 0; 4; 0.030571; 45416.000000
pr107; 107; insertion_best_two_opt; 123456; 4; 0.043255; 46146.000000
pr107; 107; insertion_best_two_opt; 666; 4; 0.035132; 46762.000000
pr107; 107; insertion_best_two_opt; 777; 4; 0.038997; 47302.000000
pr107; 107; insertion_best_two_opt; 1995; 4; 0.046329; 46161.000000
pr124; 124; insertion_best_two_opt; 0; 4; 0.047032; 61013.000000
pr124; 124; insertion_best_two_opt; 123456; 4; 0.047418; 62868.000000
pr124; 124; insertion_best_two_opt; 666; 4; 0.035108; 59858.000000
pr124; 124; insertion_best_two_opt; 777; 4; 0.043906; 61201.000000
pr124; 124; insertion_best_two_opt; 1995; 4; 0.039147; 62466.000000
pr136; 136; insertion_best_two_opt; 0; 4; 0.074137; 107491.000000
pr136; 136; insertion_best_two_opt; 123456; 4; 0.075839; 103276.000000
pr136; 136; insertion_best_two_opt; 666; 4; 0.052728; 104527.000000
pr136; 136; insertion_best_two_opt; 777; 4; 0.073181; 108565.000000
pr136; 136; insertion_best_two_opt; 1995; 4; 0.059544; 108907.000000
pr144; 144; insertion_best_two_opt; 0; 4; 0.054459; 64663.000000
pr144; 144; insertion_best_two_opt; 123456; 4; 0.065518; 65887.000000
pr144; 144; insertion_best_two_opt; 666; 4; 0.059414; 66125.000000
pr144; 144; insertion_best_two_opt; 777; 4; 0.072737; 59455.000000
pr144; 144; insertion_best_two_opt; 1995; 4; 0.086402; 59472.000000
pr76; 76; insertion_best_two_opt; 0; 4; 0.006386; 112998.000000
pr76; 76; insertion_best_two_opt; 123456; 4; 0.011036; 114922.000000
pr76; 76; insertion_best_two_opt; 666; 4; 0.010007; 112821.000000
pr76; 76; insertion_best_two_opt; 777; 4; 0.011011; 115735.000000
pr76; 76; insertion_best_two_opt; 1995; 4; 0.010258; 115202.000000
rat99; 99; insertion_best_two_opt; 0; 4; 0.030299; 1267.000000
rat99; 99; insertion_best_two_opt; 123456; 4; 0.029277; 1292.000000
rat99; 99; insertion_best_two_opt; 666; 4; 0.019141; 1315.000000
rat99; 99; insertion_best_two_opt; 777; 4; 0.023995; 1342.000000
rat99; 99; insertion_best_two_opt; 1995; 4; 0.020795; 1313.000000
rd100; 100; insertion_best_two_opt; 0; 4; 0.022155; 8556.000000
rd100; 100; insertion_best_two_opt; 123456; 4; 0.012591; 9113.000000
rd100; 100; insertion_best_two_opt; 666; 4; 0.022886; 8758.000000
rd100; 100; insertion_best_two_opt; 777; 4; 0.013866; 8919.000000
rd100; 100; insertion_best_two_opt; 1995; 4; 0.016809; 8757.000000
st70; 70; insertion_best_two_opt; 0; 4; 0.005665; 708.000000
st70; 70; insertion_best_two_opt; 123456; 4; 0.007521; 701.000000
st70; 70; insertion_best_two_opt; 666; 4; 0.006690; 700.000000
st70; 70; insertion_best_two_opt; 777; 4; 0.007746; 692.000000
st70; 70; insertion_best_two_opt; 1995; 4; 0.009409; 709.000000
ulysses16; 16; insertion_best_two_opt; 0; 4; 0.000387; 6859.000000
ulysses16; 16; insertion_best_two_opt; 123456; 4; 0.000325; 6875.000000
ulysses16; 16; insertion_best_two_opt; 666; 4; 0.002337; 6865.000000
ulysses16; 16; insertion_best_two_opt; 777; 4; 0.000217; 6875.000000
ulysses16; 16; insertion_best_two_opt; 1995; 4; 0.000621; 6870.000000
ulysses22; 22; insertion_best_two_opt; 0; 4; 0.003263; 7013.000000
ulysses22; 22; insertion_best_two_opt; 123456; 4; 0.001152; 7013.000000
ulysses22; 22; insertion_best_two_opt; 666; 4; 0.000374; 7013.000000
ulysses22; 22; insertion_best_two_opt; 777; 4; 0.000518; 7181.000000
ulysses22; 22; insertion_best_two_opt; 1995; 4; 0.000444; 7357.000000
a280; 280; insertion_best_two_opt; 0; 4; 0.675909; 2877.000000
a280; 280; insertion_best_two_opt; 123456; 4; 0.395013; 2907.000000
a280; 280; insertion_best_two_opt; 666; 4; 0.326127; 2885.000000
a280; 280; insertion_best_two_opt; 777; 4; 0.362754; 2890.000000
a280; 280; insertion_best_two_opt; 1995; 4; 0.296230; 2921.000000
d198; 198; insertion_best_two_opt; 0; 4; 0.148612; 16581.000000
d198; 198; insertion_best_two_opt; 123456; 4; 0.179073; 16240.000000
d198; 198; insertion_best_two_opt; 666; 4; 0.168548; 16628.000000
d198; 198; insertion_best_two_opt; 777; 4; 0.207173; 16628.000000
d198; 198; insertion_best_two_opt; 1995; 4; 0.191572; 16574.000000
gil262; 262; insertion_best_two_opt; 0; 4; 0.178319; 2589.000000
gil262; 262; insertion_best_two_opt; 123456; 4; 0.214973; 2620.000000
gil262; 262; insertion_best_two_opt; 666; 4; 0.178660; 2627.000000
gil262; 262; insertion_best_two_opt; 777; 4; 0.240952; 2604.000000
gil262; 262; insertion_best_two_opt; 1995; 4; 0.214979; 2598.000000
gr202; 202; insertion_best_two_opt; 0; 4; 0.277764; 44757.000000
gr202; 202; insertion_best_two_opt; 123456; 4; 0.268961; 44261.000000
gr202; 202; insertion_best_two_opt; 666; 4; 0.334907; 44283.000000
gr202; 202; insertion_best_two_opt; 777; 4; 0.295236; 43135.000000
gr202; 202; insertion_best_two_opt; 1995; 4; 0.291102; 43192.000000
gr229; 229; insertion_best_two_opt; 0; 4; 0.522599; 148888.000000
gr229; 229; insertion_best_two_opt; 123456; 4; 0.602923; 149395.000000
gr229; 229; insertion_best_two_opt; 666; 4; 0.549561; 151879.000000
gr229; 229; insertion_best_two_opt; 777; 4; 0.429045; 152271.000000
gr229; 229; insertion_best_two_opt; 1995; 4; 0.493882; 147187.000000
kroA200; 200; insertion_best_two_opt; 0; 4; 0.108724; 30921.000000
kroA200; 200; insertion_best_two_opt; 123456; 4; 0.114910; 30973.000000
kroA200; 200; insertion_best_two_opt; 666; 4; 0.112598; 30925.000000
kroA200; 200; insertion_best_two_opt; 777; 4; 0.128005; 30973.000000
kroA200; 200; insertion_best_two_opt; 1995; 4; 0.130091; 30990.000000
kroB200; 200; insertion_best_two_opt; 0; 4; 0.095004; 31077.000000
kroB200; 200; insertion_best_two_opt; 123456; 4; 0.081710; 31764.000000
kroB200; 200; insertion_best_two_opt; 666; 4; 0.111166; 31540.000000
kroB200; 200; insertion_best_two_opt; 777; 4; 0.108839; 31446.000000
kroB200; 200; insertion_best_two_opt; 1995; 4; 0.098869; 31557.000000
pr152; 152; insertion_best_two_opt; 0; 4; 0.064627; 76508.000000
pr152; 152; insertion_best_two_opt; 123456; 4; 0.127255; 77039.000000
pr152; 152; insertion_best_two_opt; 666; 4; 0.061027; 75843.000000
pr152; 152; insertion_best_two_opt; 777; 4; 0.076806; 75169.000000
pr152; 152; insertion_best_two_opt; 1995; 4; 0.064456; 75321.000000
pr226; 226; insertion_best_two_opt; 0; 4; 0.164594; 92394.000000
pr226; 226; insertion_best_two_opt; 123456; 4; 0.177988; 91878.000000
pr226; 226; insertion_best_two_opt; 666; 4; 0.158871; 84764.000000
pr226; 226; insertion_best_two_opt; 777; 4; 0.200460; 86903.000000
pr226; 226; insertion_best_two_opt; 1995; 4; 0.253315; 82293.000000
pr264; 264; insertion_best_two_opt; 0; 4; 0.271849; 52913.000000
pr264; 264; insertion_best_two_opt; 123456; 4; 0.224990; 52199.000000
pr264; 264; insertion_best_two_opt; 666; 4; 0.320562; 54250.000000
pr264; 264; insertion_best_two_opt; 777; 4; 0.234133; 51051.000000
pr264; 264; insertion_best_two_opt; 1995; 4; 0.226779; 55748.000000
pr299; 299; insertion_best_two_opt; 0; 4; 0.585421; 53844.000000
pr299; 299; insertion_best_two_opt; 123456; 4; 0.635299; 54405.000000
pr299; 299; insertion_best_two_opt; 666; 4; 0.600455; 54482.000000
pr299; 299; insertion_best_two_opt; 777; 4; 0.565061; 53795.000000
pr299; 299; insertion_best_two_opt; 1995; 4; 0.539757; 53771.000000
rat195; 195; insertion_best_two_opt; 0; 4; 0.163770; 2614.000000
rat195; 195; insertion_best_two_opt; 123456; 4; 0.203344; 2571.000000
rat195; 195; insertion_best_two_opt; 666; 4; 0.193168; 2568.000000
rat195; 195; insertion_best_two_opt; 777; 4; 0.188697; 2560.000000
rat195; 195; insertion_best_two_opt; 1995; 4; 0.159013; 2594.000000
rkoA200; 200; insertion_best_two_opt; 0; 4; 0.113394; 30921.000000
rkoA200; 200; insertion_best_two_opt; 123456; 4; 0.113238; 30973.000000
rkoA200; 200; insertion_best_two_opt; 666; 4; 0.129404; 30925.000000
rkoA200; 200; insertion_best_two_opt; 777; 4; 0.126133; 30973.000000
rkoA200; 200; insertion_best_two_opt; 1995; 4; 0.138748; 30990.000000
ts225; 225; insertion_best_two_opt; 0; 4; 0.204447; 133995.000000
ts225; 225; insertion_best_two_opt; 123456; 4; 0.170873; 140736.000000
ts225; 225; insertion_best_two_opt; 666; 4; 0.144979; 143808.000000
ts225; 225; insertion_best_two_opt; 777; 4; 0.131716; 138696.000000
ts225; 225; insertion_best_two_opt; 1995; 4; 0.219426; 128171.000000
tsp225; 225; insertion_best_two_opt; 0; 4; 0.193742; 4304.000000
tsp225; 225; insertion_best_two_opt; 123456; 4; 0.170682; 4304.000000
tsp225; 225; insertion_best_two_opt; 666; 4; 0.171540; 4375.000000
tsp225; 225; insertion_best_two_opt; 777; 4; 0.225698; 4385.000000
tsp225; 225; insertion_best_two_opt; 1995; 4; 0.211093; 4299.000000
u159; 159; insertion_best_two_opt; 0; 4; 0.073602; 47360.000000
u159; 159; insertion_best_two_opt; 123456; 4; 0.081954; 46213.000000
u159; 159; insertion_best_two_opt; 666; 4; 0.119900; 45839.000000
u159; 159; insertion_best_two_opt; 777; 4; 0.085752; 46975.000000
u159; 159; insertion_best_two_opt; 1995; 4; 0.086887; 46989.000000