input_file; input_size; model_type; randomseed; nthreads; opt_time; note;
att48; 48; subtour; 0; 4; 0.191634; 10628.000000
att48; 48; subtour; 123456; 4; 0.190280; 10628.000000
att48; 48; subtour; 666; 4; 0.185387; 10628.000000
att48; 48; subtour; 777; 4; 0.238071; 10628.000000
att48; 48; subtour; 1995; 4; 0.264266; 10628.000000
att48; 48; subtour_heur; 0; 4; 0.175784; 10628.000000
att48; 48; subtour_heur; 123456; 4; 0.184682; 10628.000000
att48; 48; subtour_heur; 666; 4; 0.190569; 10628.000000
att48; 48; subtour_heur; 777; 4; 0.194774; 10628.000000
att48; 48; subtour_heur; 1995; 4; 0.166553; 10628.000000
att48; 48; subtour_callback_lazy; 0; 4; 0.074500; 10628.000000
att48; 48; subtour_callback_lazy; 123456; 4; 0.072467; 10628.000000
att48; 48; subtour_callback_lazy; 666; 4; 0.072575; 10628.000000
att48; 48; subtour_callback_lazy; 777; 4; 0.073382; 10628.000000
att48; 48; subtour_callback_lazy; 1995; 4; 0.072883; 10628.000000
att48; 48; subtour_callback_general; 0; 4; 0.072970; 10628.000000
att48; 48; subtour_callback_general; 123456; 4; 0.076363; 10628.000000
att48; 48; subtour_callback_general; 666; 4; 0.070495; 10628.000000
att48; 48; subtour_callback_general; 777; 4; 0.079810; 10628.000000
att48; 48; subtour_callback_general; 1995; 4; 0.081144; 10628.000000
berlin52; 52; subtour; 0; 4; 0.035067; 7542.000000
berlin52; 52; subtour; 123456; 4; 0.050991; 7542.000000
berlin52; 52; subtour; 666; 4; 0.034147; 7542.000000
berlin52; 52; subtour; 777; 4; 0.034730; 7542.000000
berlin52; 52; subtour; 1995; 4; 0.034468; 7542.000000
berlin52; 52; subtour_heur; 0; 4; 0.047278; 7542.000000
berlin52; 52; subtour_heur; 123456; 4; 0.041288; 7542.000000
berlin52; 52; subtour_heur; 666; 4; 0.026618; 7542.000000
berlin52; 52; subtour_heur; 777; 4; 0.026239; 7542.000000
berlin52; 52; subtour_heur; 1995; 4; 0.059832; 7542.000000
berlin52; 52; subtour_callback_lazy; 0; 4; 0.029821; 7542.000000
berlin52; 52; subtour_callback_lazy; 123456; 4; 0.032632; 7542.000000
berlin52; 52; subtour_callback_lazy; 666; 4; 0.029453; 7542.000000
berlin52; 52; subtour_callback_lazy; 777; 4; 0.028572; 7542.000000
berlin52; 52; subtour_callback_lazy; 1995; 4; 0.029099; 7542.000000
berlin52; 52; subtour_callback_general; 0; 4; 0.040377; 7542.000000
berlin52; 52; subtour_callback_general; 123456; 4; 0.042913; 7542.000000
berlin52; 52; subtour_callback_general; 666; 4; 0.040285; 7542.000000
berlin52; 52; subtour_callback_general; 777; 4; 0.043078; 7542.000000
berlin52; 52; subtour_callback_general; 1995; 4; 0.048745; 7542.000000
bier127; 127; subtour; 0; 4; 1.299921; 118282.000000
bier127; 127; subtour; 123456; 4; 1.596777; 118282.000000
bier127; 127; subtour; 666; 4; 2.386274; 118282.000000
bier127; 127; subtour; 777; 4; 2.313098; 118282.000000
bier127; 127; subtour; 1995; 4; 2.237050; 118282.000000
bier127; 127; subtour_heur; 0; 4; 2.413020; 118282.000000
bier127; 127; subtour_heur; 123456; 4; 2.467329; 118282.000000
bier127; 127; subtour_heur; 666; 4; 3.200499; 118282.000000
bier127; 127; subtour_heur; 777; 4; 1.855571; 118282.000000
bier127; 127; subtour_heur; 1995; 4; 2.358706; 118282.000000
bier127; 127; subtour_callback_lazy; 0; 4; 1.322359; 118282.000000
bier127; 127; subtour_callback_lazy; 123456; 4; 1.133588; 118282.000000
bier127; 127; subtour_callback_lazy; 666; 4; 1.243289; 118282.000000
bier127; 127; subtour_callback_lazy; 777; 4; 1.149437; 118282.000000
bier127; 127; subtour_callback_lazy; 1995; 4; 1.203260; 118282.000000
bier127; 127; subtour_callback_general; 0; 4; 1.011575; 118282.000000
bier127; 127; subtour_callback_general; 123456; 4; 2.661037; 118282.000000
bier127; 127; subtour_callback_general; 666; 4; 1.110354; 118282.000000
bier127; 127; subtour_callback_general; 777; 4; 1.441853; 118282.000000
bier127; 127; subtour_callback_general; 1995; 4; 1.775868; 118282.000000
burma14; 14; subtour; 0; 4; 0.012601; 3323.000000
burma14; 14; subtour; 123456; 4; 0.011824; 3323.000000
burma14; 14; subtour; 666; 4; 0.011298; 3323.000000
burma14; 14; subtour; 777; 4; 0.011694; 3323.000000
burma14; 14; subtour; 1995; 4; 0.011044; 3323.000000
burma14; 14; subtour_heur; 0; 4; 0.014691; 3323.000000
burma14; 14; subtour_heur; 123456; 4; 0.012730; 3323.000000
burma14; 14; subtour_heur; 666; 4; 0.016331; 3323.000000
burma14; 14; subtour_heur; 777; 4; 0.012926; 3323.000000
burma14; 14; subtour_heur; 1995; 4; 0.012220; 3323.000000
burma14; 14; subtour_callback_lazy; 0; 4; 0.007401; 3323.000000
burma14; 14; subtour_callback_lazy; 123456; 4; 0.006873; 3323.000000
burma14; 14; subtour_callback_lazy; 666; 4; 0.006866; 3323.000000
burma14; 14; subtour_callback_lazy; 777; 4; 0.006793; 3323.000000
burma14; 14; subtour_callback_lazy; 1995; 4; 0.006475; 3323.000000
burma14; 14; subtour_callback_general; 0; 4; 0.008374; 3323.000000
burma14; 14; subtour_callback_general; 123456; 4; 0.007539; 3323.000000
burma14; 14; subtour_callback_general; 666; 4; 0.007156; 3323.000000
burma14; 14; subtour_callback_general; 777; 4; 0.007923; 3323.000000
burma14; 14; subtour_callback_general; 1995; 4; 0.007442; 3323.000000
ch130; 130; subtour; 0; 4; 2.168282; 6110.000000
ch130; 130; subtour; 123456; 4; 2.190160; 6110.000000
ch130; 130; subtour; 666; 4; 2.243664; 6110.000000
ch130; 130; subtour; 777; 4; 2.260321; 6110.000000
ch130; 130; subtour; 1995; 4; 2.250715; 6110.000000
ch130; 130; subtour_heur; 0; 4; 2.166262; 6110.000000
ch130; 130; subtour_heur; 123456; 4; 3.087096; 6110.000000
ch130; 130; subtour_heur; 666; 4; 2.082506; 6110.000000
ch130; 130; subtour_heur; 777; 4; 2.367324; 6110.000000
ch130; 130; subtour_heur; 1995; 4; 2.773619; 6110.000000
ch130; 130; subtour_callback_lazy; 0; 4; 1.571502; 6110.000000
ch130; 130; subtour_callback_lazy; 123456; 4; 1.627074; 6110.000000
ch130; 130; subtour_callback_lazy; 666; 4; 1.676124; 6110.000000
ch130; 130; subtour_callback_lazy; 777; 4; 1.503980; 6110.000000
ch130; 130; subtour_callback_lazy; 1995; 4; 1.645028; 6110.000000
ch130; 130; subtour_callback_general; 0; 4; 2.528810; 6110.000000
ch130; 130; subtour_callback_general; 123456; 4; 2.929805; 6110.000000
ch130; 130; subtour_callback_general; 666; 4; 1.693646; 6110.000000
ch130; 130; subtour_callback_general; 777; 4; 2.573776; 6110.000000
ch130; 130; subtour_callback_general; 1995; 4; 2.071822; 6110.000000
ch150; 150; subtour; 0; 4; 5.348610; 6528.000000
ch150; 150; subtour; 123456; 4; 6.457533; 6528.000000
ch150; 150; subtour; 666; 4; 5.011944; 6528.000000
ch150; 150; subtour; 777; 4; 5.937947; 6528.000000
ch150; 150; subtour; 1995; 4; 5.640781; 6528.000000
ch150; 150; subtour_heur; 0; 4; 6.100192; 6528.000000
ch150; 150; subtour_heur; 123456; 4; 5.942011; 6528.000000
ch150; 150; subtour_heur; 666; 4; 7.324937; 6528.000000
ch150; 150; subtour_heur; 777; 4; 5.408369; 6528.000000
ch150; 150; subtour_heur; 1995; 4; 4.537219; 6528.000000
ch150; 150; subtour_callback_lazy; 0; 4; 3.092156; 6528.000000
ch150; 150; subtour_callback_lazy; 123456; 4; 4.262765; 6528.000000
ch150; 150; subtour_callback_lazy; 666; 4; 2.819138; 6528.000000
ch150; 150; subtour_callback_lazy; 777; 4; 3.077604; 6528.000000
ch150; 150; subtour_callback_lazy; 1995; 4; 3.219126; 6528.000000
ch150; 150; subtour_callback_general; 0; 4; 3.056685; 6528.000000
ch150; 150; subtour_callback_general; 123456; 4; 4.087944; 6528.000000
ch150; 150; subtour_callback_general; 666; 4; 3.832580; 6528.000000
ch150; 150; subtour_callback_general; 777; 4; 3.991634; 6528.000000
ch150; 150; subtour_callback_general; 1995; 4; 3.778954; 6528.000000
eil101; 101; subtour; 0; 4; 1.236714; 629.000000
eil101; 101; subtour; 123456; 4; 0.978079; 629.000000
eil101; 101; subtour; 666; 4; 0.997211; 629.000000
eil101; 101; subtour; 777; 4; 1.232740; 629.000000
eil101; 101; subtour; 1995; 4; 0.904294; 629.000000
eil101; 101; subtour_heur; 0; 4; 0.929544; 629.000000
eil101; 101; subtour_heur; 123456; 4; 0.905669; 629.000000
eil101; 101; subtour_heur; 666; 4; 0.737145; 629.000000
eil101; 101; subtour_heur; 777; 4; 0.971466; 629.000000
eil101; 101; subtour_heur; 1995; 4; 1.050343; 629.000000
eil101; 101; subtour_callback_lazy; 0; 4; 0.877448; 629.000000
eil101; 101; subtour_callback_lazy; 123456; 4; 0.505006; 629.000000
eil101; 101; subtour_callback_lazy; 666; 4; 0.568824; 629.000000
eil101; 101; subtour_callback_lazy; 777; 4; 0.496487; 629.000000
eil101; 101; subtour_callback_lazy; 1995; 4; 0.538774; 629.000000
eil101; 101; subtour_callback_general; 0; 4; 0.534442; 629.000000
eil101; 101; subtour_callback_general; 123456; 4; 0.524850; 629.000000
eil101; 101; subtour_callback_general; 666; 4; 0.635332; 629.000000
eil101; 101; subtour_callback_general; 777; 4; 0.576709; 629.000000
eil101; 101; subtour_callback_general; 1995; 4; 0.485179; 629.000000
eil51; 51; subtour; 0; 4; 0.255257; 426.000000
eil51; 51; subtour; 123456; 4; 0.252967; 426.000000
eil51; 51; subtour; 666; 4; 0.253765; 426.000000
eil51; 51; subtour; 777; 4; 0.245176; 426.000000
eil51; 51; subtour; 1995; 4; 0.253833; 426.000000
eil51; 51; subtour_heur; 0; 4; 0.242367; 426.000000
eil51; 51; subtour_heur; 123456; 4; 0.246432; 426.000000
eil51; 51; subtour_heur; 666; 4; 0.255431; 426.000000
eil51; 51; subtour_heur; 777; 4; 0.221447; 426.000000
eil51; 51; subtour_heur; 1995; 4; 0.234771; 426.000000
eil51; 51; subtour_callback_lazy; 0; 4; 0.169385; 426.000000
eil51; 51; subtour_callback_lazy; 123456; 4; 0.122660; 426.000000
eil51; 51; subtour_callback_lazy; 666; 4; 0.119852; 426.000000
eil51; 51; subtour_callback_lazy; 777; 4; 0.122072; 426.000000
eil51; 51; subtour_callback_lazy; 1995; 4; 0.158228; 426.000000
eil51; 51; subtour_callback_general; 0; 4; 0.149677; 426.000000
eil51; 51; subtour_callback_general; 123456; 4; 0.161640; 426.000000
eil51; 51; subtour_callback_general; 666; 4; 0.166582; 426.000000
eil51; 51; subtour_callback_general; 777; 4; 0.173385; 426.000000
eil51; 51; subtour_callback_general; 1995; 4; 0.172832; 426.000000
eil76; 76; subtour; 0; 4; 0.286456; 538.000000
eil76; 76; subtour; 123456; 4; 0.163563; 538.000000
eil76; 76; subtour; 666; 4; 0.244789; 538.000000
eil76; 76; subtour; 777; 4; 0.248938; 538.000000
eil76; 76; subtour; 1995; 4; 0.254072; 538.000000
eil76; 76; subtour_heur; 0; 4; 0.313114; 538.000000
eil76; 76; subtour_heur; 123456; 4; 0.557843; 538.000000
eil76; 76; subtour_heur; 666; 4; 0.382067; 538.000000
eil76; 76; subtour_heur; 777; 4; 0.301325; 538.000000
eil76; 76; subtour_heur; 1995; 4; 0.116060; 538.000000
eil76; 76; subtour_callback_lazy; 0; 4; 0.073253; 538.000000
eil76; 76; subtour_callback_lazy; 123456; 4; 0.073974; 538.000000
eil76; 76; subtour_callback_lazy; 666; 4; 0.097751; 538.000000
eil76; 76; subtour_callback_lazy; 777; 4; 0.093179; 538.000000
eil76; 76; subtour_callback_lazy; 1995; 4; 0.145453; 538.000000
eil76; 76; subtour_callback_general; 0; 4; 0.179951; 538.000000
eil76; 76; subtour_callback_general; 123456; 4; 0.187329; 538.000000
eil76; 76; subtour_callback_general; 666; 4; 0.122753; 538.000000
eil76; 76; subtour_callback_general; 777; 4; 0.156737; 538.000000
eil76; 76; subtour_callback_general; 1995; 4; 0.166252; 538.000000
gr137; 137; subtour; 0; 4; 4.448437; 69853.000000
gr137; 137; subtour; 123456; 4; 4.158458; 69853.000000
gr137; 137; subtour; 666; 4; 4.062493; 69853.000000
gr137; 137; subtour; 777; 4; 4.338591; 69853.000000
gr137; 137; subtour; 1995; 4; 4.117882; 69853.000000
gr137; 137; subtour_heur; 0; 4; 5.159602; 69853.000000
gr137; 137; subtour_heur; 123456; 4; 4.476452; 69853.000000
gr137; 137; subtour_heur; 666; 4; 4.103370; 69853.000000
gr137; 137; subtour_heur; 777; 4; 5.426803; 69853.000000
gr137; 137; subtour_heur; 1995; 4; 4.057726; 69853.000000
gr137; 137; subtour_callback_lazy; 0; 4; 1.873172; 69853.000000
gr137; 137; subtour_callback_lazy; 123456; 4; 1.878175; 69853.000000
gr137; 137; subtour_callback_lazy; 666; 4; 1.712369; 69853.000000
gr137; 137; subtour_callback_lazy; 777; 4; 1.678368; 69853.000000
gr137; 137; subtour_callback_lazy; 1995; 4; 1.718882; 69853.000000
gr137; 137; subtour_callback_general; 0; 4; 1.641293; 69853.000000
gr137; 137; subtour_callback_general; 123456; 4; 1.544839; 69853.000000
gr137; 137; subtour_callback_general; 666; 4; 2.480636; 69853.000000
gr137; 137; subtour_callback_general; 777; 4; 1.476082; 69853.000000
gr137; 137; subtour_callback_general; 1995; 4; 2.836924; 69853.000000
gr96; 96; subtour; 0; 4; 2.964457; 55209.000000
gr96; 96; subtour; 123456; 4; 3.012320; 55209.000000
gr96; 96; subtour; 666; 4; 2.805499; 55209.000000
gr96; 96; subtour; 777; 4; 3.092585; 55209.000000
gr96; 96; subtour; 1995; 4; 2.869982; 55209.000000
gr96; 96; subtour_heur; 0; 4; 2.940389; 55209.000000
gr96; 96; subtour_heur; 123456; 4; 3.422277; 55209.000000
gr96; 96; subtour_heur; 666; 4; 3.183674; 55209.000000
gr96; 96; subtour_heur; 777; 4; 3.208202; 55209.000000
gr96; 96; subtour_heur; 1995; 4; 2.979873; 55209.000000
gr96; 96; subtour_callback_lazy; 0; 4; 0.860850; 55209.000000
gr96; 96; subtour_callback_lazy; 123456; 4; 0.811557; 55209.000000
gr96; 96; subtour_callback_lazy; 666; 4; 0.827800; 55209.000000
gr96; 96; subtour_callback_lazy; 777; 4; 0.877199; 55209.000000
gr96; 96; subtour_callback_lazy; 1995; 4; 0.631815; 55209.000000
gr96; 96; subtour_callback_general; 0; 4; 1.104021; 55209.000000
gr96; 96; subtour_callback_general; 123456; 4; 0.977828; 55209.000000
gr96; 96; subtour_callback_general; 666; 4; 1.555463; 55209.000000
gr96; 96; subtour_callback_general; 777; 4; 1.417971; 55209.000000
gr96; 96; subtour_callback_general; 1995; 4; 1.652558; 55209.000000
kroA100; 100; subtour; 0; 4; 1.866681; 21282.000000
kroA100; 100; subtour; 123456; 4; 1.943171; 21282.000000
kroA100; 100; subtour; 666; 4; 1.839110; 21282.000000
kroA100; 100; subtour; 777; 4; 2.134581; 21282.000000
kroA100; 100; subtour; 1995; 4; 2.103918; 21282.000000
kroA100; 100; subtour_heur; 0; 4; 2.129274; 21282.000000
kroA100; 100; subtour_heur; 123456; 4; 2.125081; 21282.000000
kroA100; 100; subtour_heur; 666; 4; 1.962823; 21282.000000
kroA100; 100; subtour_heur; 777; 4; 2.075254; 21282.000000
kroA100; 100; subtour_heur; 1995; 4; 2.287160; 21282.000000
kroA100; 100; subtour_callback_lazy; 0; 4; 1.581395; 21282.000000
kroA100; 100; subtour_callback_lazy; 123456; 4; 1.407469; 21282.000000
kroA100; 100; subtour_callback_lazy; 666; 4; 1.085522; 21282.000000
kroA100; 100; subtour_callback_lazy; 777; 4; 1.786789; 21282.000000
kroA100; 100; subtour_callback_lazy; 1995; 4; 0.928764; 21282.000000
kroA100; 100; subtour_callback_general; 0; 4; 0.739288; 21282.000000
kroA100; 100; subtour_callback_general; 123456; 4; 1.161394; 21282.000000
kroA100; 100; subtour_callback_general; 666; 4; 0.931418; 21282.000000
kroA100; 100; subtour_callback_general; 777; 4; 1.071318; 21282.000000
kroA100; 100; subtour_callback_general; 1995; 4; 1.212206; 21282.000000
kroA150; 150; subtour; 0; 4; 10.277644; 26524.000000
kroA150; 150; subtour; 123456; 4; 10.157671; 26524.000000
kroA150; 150; subtour; 666; 4; 10.204071; 26524.000000
kroA150; 150; subtour; 777; 4; 9.366185; 26524.000000
kroA150; 150; subtour; 1995; 4; 10.257578; 26524.000000
kroA150; 150; subtour_heur; 0; 4; 9.071927; 26524.000000
kroA150; 150; subtour_heur; 123456; 4; 7.542522; 26524.000000
kroA150; 150; subtour_heur; 666; 4; 12.842886; 26524.000000
kroA150; 150; subtour_heur; 777; 4; 10.327656; 26524.000000
kroA150; 150; subtour_heur; 1995; 4; 10.691034; 26524.000000
kroA150; 150; subtour_callback_lazy; 0; 4; 3.354338; 26524.000000
kroA150; 150; subtour_callback_lazy; 123456; 4; 3.198402; 26524.000000
kroA150; 150; subtour_callback_lazy; 666; 4; 5.837994; 26524.000000
kroA150; 150; subtour_callback_lazy; 777; 4; 5.799390; 26524.000000
kroA150; 150; subtour_callback_lazy; 1995; 4; 4.391756; 26524.000000
kroA150; 150; subtour_callback_general; 0; 4; 6.690650; 26524.000000
kroA150; 150; subtour_callback_general; 123456; 4; 6.325174; 26524.000000
kroA150; 150; subtour_callback_general; 666; 4; 6.940231; 26524.000000
kroA150; 150; subtour_callback_general; 777; 4; 7.202448; 26524.000000
kroA150; 150; subtour_callback_general; 1995; 4; 10.372291; 26524.000000
kroB100; 100; subtour; 0; 4; 3.851576; 22141.000000
kroB100; 100; subtour; 123456; 4; 4.040568; 22141.000000
kroB100; 100; subtour; 666; 4; 4.014464; 22141.000000
kroB100; 100; subtour; 777; 4; 3.636647; 22141.000000
kroB100; 100; subtour; 1995; 4; 4.035548; 22141.000000
kroB100; 100; subtour_heur; 0; 4; 4.536947; 22141.000000
kroB100; 100; subtour_heur; 123456; 4; 4.156486; 22141.000000
kroB100; 100; subtour_heur; 666; 4; 4.122030; 22141.000000
kroB100; 100; subtour_heur; 777; 4; 3.966210; 22141.000000
kroB100; 100; subtour_heur; 1995; 4; 3.924575; 22141.000000
kroB100; 100; subtour_callback_lazy; 0; 4; 1.696501; 22141.000000
kroB100; 100; subtour_callback_lazy; 123456; 4; 1.580391; 22141.000000
kroB100; 100; subtour_callback_lazy; 666; 4; 1.818680; 22141.000000
kroB100; 100; subtour_callback_lazy; 777; 4; 1.587004; 22141.000000
kroB100; 100; subtour_callback_lazy; 1995; 4; 1.229428; 22141.000000
kroB100; 100; subtour_callback_general; 0; 4; 2.412594; 22141.000000
kroB100; 100; subtour_callback_general; 123456; 4; 2.855902; 22141.000000
kroB100; 100; subtour_callback_general; 666; 4; 2.537154; 22141.000000
kroB100; 100; subtour_callback_general; 777; 4; 2.914248; 22141.000000
kroB100; 100; subtour_callback_general; 1995; 4; 2.090363; 22141.000000
kroB150; 150; subtour; 0; 4; 15.634382; 26132.000000
kroB150; 150; subtour; 123456; 4; 16.127870; 26130.000000
kroB150; 150; subtour; 666; 4; 15.958753; 26130.000000
kroB150; 150; subtour; 777; 4; 15.126403; 26130.000000
kroB150; 150; subtour; 1995; 4; 16.090145; 26130.000000
kroB150; 150; subtour_heur; 0; 4; 15.463517; 26130.000000
kroB150; 150; subtour_heur; 123456; 4; 16.666363; 26130.000000
kroB150; 150; subtour_heur; 666; 4; 15.748091; 26130.000000
kroB150; 150; subtour_heur; 777; 4; 16.256737; 26130.000000
kroB150; 150; subtour_heur; 1995; 4; 18.811262; 26130.000000
kroB150; 150; subtour_callback_lazy; 0; 4; 10.348838; 26130.000000
kroB150; 150; subtour_callback_lazy; 123456; 4; 9.648589; 26130.000000
kroB150; 150; subtour_callback_lazy; 666; 4; 11.775915; 26130.000000
kroB150; 150; subtour_callback_lazy; 777; 4; 10.485027; 26130.000000
kroB150; 150; subtour_callback_lazy; 1995; 4; 10.924481; 26130.000000
kroB150; 150; subtour_callback_general; 0; 4; 6.738778; 26130.000000
kroB150; 150; subtour_callback_general; 123456; 4; 7.495638; 26130.000000
kroB150; 150; subtour_callback_general; 666; 4; 5.770508; 26130.000000
kroB150; 150; subtour_callback_general; 777; 4; 8.619003; 26130.000000
kroB150; 150; subtour_callback_general; 1995; 4; 6.601962; 26130.000000
kroC100; 100; subtour; 0; 4; 2.417799; 20749.000000
kroC100; 100; subtour; 123456; 4; 2.292915; 20749.000000
kroC100; 100; subtour; 666; 4; 2.276179; 20749.000000
kroC100; 100; subtour; 777; 4; 2.296548; 20749.000000
kroC100; 100; subtour; 1995; 4; 2.234686; 20749.000000
kroC100; 100; subtour_heur; 0; 4; 2.453831; 20749.000000
kroC100; 100; subtour_heur; 123456; 4; 2.475464; 20749.000000
kroC100; 100; subtour_heur; 666; 4; 2.255086; 20749.000000
kroC100; 100; subtour_heur; 777; 4; 2.337475; 20749.000000
kroC100; 100; subtour_heur; 1995; 4; 3.116308; 20749.000000
kroC100; 100; subtour_callback_lazy; 0; 4; 1.361101; 20749.000000
kroC100; 100; subtour_callback_lazy; 123456; 4; 1.365859; 20749.000000
kroC100; 100; subtour_callback_lazy; 666; 4; 1.100477; 20749.000000
kroC100; 100; subtour_callback_lazy; 777; 4; 1.415142; 20749.000000
kroC100; 100; subtour_callback_lazy; 1995; 4; 1.158337; 20749.000000
kroC100; 100; subtour_callback_general; 0; 4; 0.876116; 20749.000000
kroC100; 100; subtour_callback_general; 123456; 4; 2.056309; 20749.000000
kroC100; 100; subtour_callback_general; 666; 4; 1.948973; 20749.000000
kroC100; 100; subtour_callback_general; 777; 4; 1.395818; 20749.000000
kroC100; 100; subtour_callback_general; 1995; 4; 1.738215; 20749.000000
kroD100; 100; subtour; 0; 4; 2.489666; 21294.000000
kroD100; 100; subtour; 123456; 4; 2.473197; 21294.000000
kroD100; 100; subtour; 666; 4; 2.588880; 21294.000000
kroD100; 100; subtour; 777; 4; 2.590575; 21294.000000
kroD100; 100; subtour; 1995; 4; 2.537605; 21294.000000
kroD100; 100; subtour_heur; 0; 4; 2.599287; 21294.000000
kroD100; 100; subtour_heur; 123456; 4; 2.293857; 21294.000000
kroD100; 100; subtour_heur; 666; 4; 2.655892; 21294.000000
kroD100; 100; subtour_heur; 777; 4; 2.635265; 21294.000000
kroD100; 100; subtour_heur; 1995; 4; 3.036287; 21294.000000
kroD100; 100; subtour_callback_lazy; 0; 4; 1.281548; 21294.000000
kroD100; 100; subtour_callback_lazy; 123456; 4; 1.254056; 21294.000000
kroD100; 100; subtour_callback_lazy; 666; 4; 1.025228; 21294.000000
kroD100; 100; subtour_callback_lazy; 777; 4; 0.781493; 21294.000000
kroD100; 100; subtour_callback_lazy; 1995; 4; 1.443864; 21294.000000
kroD100; 100; subtour_callback_general; 0; 4; 0.860475; 21294.000000
kroD100; 100; subtour_callback_general; 123456; 4; 1.208668; 21294.000000
kroD100; 100; subtour_callback_general; 666; 4; 1.043064; 21294.000000
kroD100; 100; subtour_callback_general; 777; 4; 1.357165; 21294.000000
kroD100; 100; subtour_callback_general; 1995; 4; 1.215590; 21294.000000
kroE100; 100; subtour; 0; 4; 2.169645; 22068.000000
kroE100; 100; subtour; 123456; 4; 2.373664; 22068.000000
kroE100; 100; subtour; 666; 4; 2.355573; 22068.000000
kroE100; 100; subtour; 777; 4; 2.094707; 22068.000000
kroE100; 100; subtour; 1995; 4; 2.289592; 22068.000000
kroE100; 100; subtour_heur; 0; 4; 2.249339; 22068.000000
kroE100; 100; subtour_heur; 123456; 4; 2.486239; 22068.000000
kroE100; 100; subtour_heur; 666; 4; 2.883906; 22068.000000
kroE100; 100; subtour_heur; 777; 4; 2.682626; 22068.000000
kroE100; 100; subtour_heur; 1995; 4; 2.757974; 22068.000000
kroE100; 100; subtour_callback_lazy; 0; 4; 1.570159; 22068.000000
kroE100; 100; subtour_callback_lazy; 123456; 4; 1.269854; 22068.000000
kroE100; 100; subtour_callback_lazy; 666; 4; 1.495316; 22068.000000
kroE100; 100; subtour_callback_lazy; 777; 4; 1.222020; 22068.000000
kroE100; 100; subtour_callback_lazy; 1995; 4; 1.556238; 22068.000000
kroE100; 100; subtour_callback_general; 0; 4; 2.074750; 22068.000000
kroE100; 100; subtour_callback_general; 123456; 4; 1.088008; 22068.000000
kroE100; 100; subtour_callback_general; 666; 4; 2.592022; 22068.000000
kroE100; 100; subtour_callback_general; 777; 4; 2.019800; 22068.000000
kroE100; 100; subtour_callback_general; 1995; 4; 2.864452; 22068.000000
lin105; 105; subtour; 0; 4; 1.677304; 14379.000000
lin105; 105; subtour; 123456; 4; 1.581191; 14379.000000
lin105; 105; subtour; 666; 4; 1.584174; 14379.000000
lin105; 105; subtour; 777; 4; 1.696137; 14379.000000
lin105; 105; subtour; 1995; 4; 1.577124; 14379.000000
lin105; 105; subtour_heur; 0; 4; 1.347535; 14379.000000
lin105; 105; subtour_heur; 123456; 4; 1.631949; 14379.000000
lin105; 105; subtour_heur; 666; 4; 1.411554; 14379.000000
lin105; 105; subtour_heur; 777; 4; 1.407896; 14379.000000
lin105; 105; subtour_heur; 1995; 4; 1.646298; 14379.000000
lin105; 105; subtour_callback_lazy; 0; 4; 1.062656; 14379.000000
lin105; 105; subtour_callback_lazy; 123456; 4; 1.052163; 14379.000000
lin105; 105; subtour_callback_lazy; 666; 4; 1.122751; 14379.000000
lin105; 105; subtour_callback_lazy; 777; 4; 0.857126; 14379.000000
lin105; 105; subtour_callback_lazy; 1995; 4; 0.926447; 14379.000000
lin105; 105; subtour_callback_general; 0; 4; 1.226542; 14379.000000
lin105; 105; subtour_callback_general; 123456; 4; 0.960722; 14379.000000
lin105; 105; subtour_callback_general; 666; 4; 0.694110; 14379.000000
lin105; 105; subtour_callback_general; 777; 4; 0.918689; 14379.000000
lin105; 105; subtour_callback_general; 1995; 4; 1.164572; 14379.000000
pr107; 107; subtour; 0; 4; 0.461701; 44303.000000
pr107; 107; subtour; 123456; 4; 0.406942; 44303.000000
pr107; 107; subtour; 666; 4; 0.399742; 44303.000000
pr107; 107; subtour; 777; 4; 0.405263; 44303.000000
pr107; 107; subtour; 1995; 4; 0.381006; 44303.000000
pr107; 107; subtour_heur; 0; 4; 0.357388; 44303.000000
pr107; 107; subtour_heur; 123456; 4; 0.689806; 44303.000000
pr107; 107; subtour_heur; 666; 4; 0.342005; 44303.000000
pr107; 107; subtour_heur; 777; 4; 0.727379; 44303.000000
pr107; 107; subtour_heur; 1995; 4; 0.767096; 44303.000000
pr107; 107; subtour_callback_lazy; 0; 4; 0.076791; 44303.000000
pr107; 107; subtour_callback_lazy; 123456; 4; 0.077026; 44303.000000
pr107; 107; subtour_callback_lazy; 666; 4; 0.078061; 44303.000000
pr107; 107; subtour_callback_lazy; 777; 4; 0.081403; 44303.000000
pr107; 107; subtour_callback_lazy; 1995; 4; 0.078726; 44303.000000
pr107; 107; subtour_callback_general; 0; 4; 0.097466; 44303.000000
pr107; 107; subtour_callback_general; 123456; 4; 0.107461; 44303.000000
pr107; 107; subtour_callback_general; 666; 4; 0.095964; 44303.000000
pr107; 107; subtour_callback_general; 777; 4; 0.105468; 44303.000000
pr107; 107; subtour_callback_general; 1995; 4; 0.092593; 44303.000000
pr124; 124; subtour; 0; 4; 10.259116; 59030.000000
pr124; 124; subtour; 123456; 4; 8.962712; 59030.000000
pr124; 124; subtour; 666; 4; 9.744018; 59030.000000
pr124; 124; subtour; 777; 4; 10.327560; 59030.000000
pr124; 124; subtour; 1995; 4; 11.490507; 59030.000000
pr124; 124; subtour_heur; 0; 4; 10.780702; 59030.000000
pr124; 124; subtour_heur; 123456; 4; 9.792470; 59030.000000
pr124; 124; subtour_heur; 666; 4; 9.388728; 59030.000000
pr124; 124; subtour_heur; 777; 4; 11.017233; 59030.000000
pr124; 124; subtour_heur; 1995; 4; 10.275997; 59030.000000
pr124; 124; subtour_callback_lazy; 0; 4; 2.034811; 59030.000000
pr124; 124; subtour_callback_lazy; 123456; 4; 1.999875; 59030.000000
pr124; 124; subtour_callback_lazy; 666; 4; 1.434823; 59030.000000
pr124; 124; subtour_callback_lazy; 777; 4; 1.751342; 59030.000000
pr124; 124; subtour_callback_lazy; 1995; 4; 1.709681; 59030.000000
pr124; 124; subtour_callback_general; 0; 4; 2.847281; 59030.000000
pr124; 124; subtour_callback_general; 123456; 4; 2.370241; 59030.000000
pr124; 124; subtour_callback_general; 666; 4; 2.843121; 59030.000000
pr124; 124; subtour_callback_general; 777; 4; 3.829168; 59030.000000
pr124; 124; subtour_callback_general; 1995; 4; 2.052173; 59030.000000
pr136; 136; subtour; 0; 4; 3.432382; 96772.000000
pr136; 136; subtour; 123456; 4; 3.223874; 96772.000000
pr136; 136; subtour; 666; 4; 2.925314; 96772.000000
pr136; 136; subtour; 777; 4; 2.714577; 96772.000000
pr136; 136; subtour; 1995; 4; 3.073829; 96772.000000
pr136; 136; subtour_heur; 0; 4; 3.366783; 96772.000000
pr136; 136; subtour_heur; 123456; 4; 3.474464; 96772.000000
pr136; 136; subtour_heur; 666; 4; 3.892733; 96772.000000
pr136; 136; subtour_heur; 777; 4; 2.779974; 96772.000000
pr136; 136; subtour_heur; 1995; 4; 2.773229; 96772.000000
pr136; 136; subtour_callback_lazy; 0; 4; 1.717784; 96772.000000
pr136; 136; subtour_callback_lazy; 123456; 4; 2.150974; 96772.000000
pr136; 136; subtour_callback_lazy; 666; 4; 1.944699; 96772.000000
pr136; 136; subtour_callback_lazy; 777; 4; 1.722248; 96781.000000
pr136; 136; subtour_callback_lazy; 1995; 4; 1.841515; 96772.000000
pr136; 136; subtour_callback_general; 0; 4; 1.715306; 96772.000000
pr136; 136; subtour_callback_general; 123456; 4; 1.870288; 96772.000000
pr136; 136; subtour_callback_general; 666; 4; 1.970227; 96772.000000
pr136; 136; subtour_callback_general; 777; 4; 2.353477; 96772.000000
pr136; 136; subtour_callback_general; 1995; 4; 1.624475; 96772.000000
pr144; 144; subtour; 0; 4; 10.498161; 58537.000000
pr144; 144; subtour; 123456; 4; 10.269633; 58537.000000
pr144; 144; subtour; 666; 4; 10.684445; 58537.000000
pr144; 144; subtour; 777; 4; 10.410998; 58537.000000
pr144; 144; subtour; 1995; 4; 10.913311; 58537.000000
pr144; 144; subtour_heur; 0; 4; 10.934586; 58537.000000
pr144; 144; subtour_heur; 123456; 4; 13.606774; 58537.000000
pr144; 144; subtour_heur; 666; 4; 12.309917; 58537.000000
pr144; 144; subtour_heur; 777; 4; 10.163349; 58537.000000
pr144; 144; subtour_heur; 1995; 4; 11.659401; 58537.000000
pr144; 144; subtour_callback_lazy; 0; 4; 3.525504; 58537.000000
pr144; 144; subtour_callback_lazy; 123456; 4; 3.587973; 58537.000000
pr144; 144; subtour_callback_lazy; 666; 4; 5.487177; 58537.000000
pr144; 144; subtour_callback_lazy; 777; 4; 3.946732; 58537.000000
pr144; 144; subtour_callback_lazy; 1995; 4; 4.077563; 58537.000000
pr144; 144; subtour_callback_general; 0; 4; 5.981737; 58537.000000
pr144; 144; subtour_callback_general; 123456; 4; 4.106590; 58537.000000
pr144; 144; subtour_callback_general; 666; 4; 5.215778; 58537.000000
pr144; 144; subtour_callback_general; 777; 4; 6.103612; 58537.000000
pr144; 144; subtour_callback_general; 1995; 4; 6.040726; 58537.000000
pr76; 76; subtour; 0; 4; 4.396932; 108159.000000
pr76; 76; subtour; 123456; 4; 3.774222; 108159.000000
pr76; 76; subtour; 666; 4; 4.421471; 108159.000000
pr76; 76; subtour; 777; 4; 3.771868; 108159.000000
pr76; 76; subtour; 1995; 4; 4.009584; 108159.000000
pr76; 76; subtour_heur; 0; 4; 4.484602; 108159.000000
pr76; 76; subtour_heur; 123456; 4; 3.715226; 108159.000000
pr76; 76; subtour_heur; 666; 4; 3.671555; 108159.000000
pr76; 76; subtour_heur; 777; 4; 4.018105; 108159.000000
pr76; 76; subtour_heur; 1995; 4; 3.852729; 108159.000000
pr76; 76; subtour_callback_lazy; 0; 4; 7.835917; 108159.000000
pr76; 76; subtour_callback_lazy; 123456; 4; 4.678449; 108159.000000
pr76; 76; subtour_callback_lazy; 666; 4; 4.877618; 108159.000000
pr76; 76; subtour_callback_lazy; 777; 4; 6.130427; 108159.000000
pr76; 76; subtour_callback_lazy; 1995; 4; 10.136617; 108159.000000
pr76; 76; subtour_callback_general; 0; 4; 3.123136; 108159.000000
pr76; 76; subtour_callback_general; 123456; 4; 3.175993; 108159.000000
pr76; 76; subtour_callback_general; 666; 4; 3.763161; 108159.000000
pr76; 76; subtour_callback_general; 777; 4; 3.213124; 108159.000000
pr76; 76; subtour_callback_general; 1995; 4; 3.007929; 108159.000000
rat99; 99; subtour; 0; 4; 1.350022; 1211.000000
rat99; 99; subtour; 123456; 4; 1.131861; 1211.000000
rat99; 99; subtour; 666; 4; 1.082199; 1211.000000
rat99; 99; subtour; 777; 4; 1.328250; 1211.000000
rat99; 99; subtour; 1995; 4; 1.341193; 1211.000000
rat99; 99; subtour_heur; 0; 4; 1.364971; 1211.000000
rat99; 99; subtour_heur; 123456; 4; 1.219355; 1211.000000
rat99; 99; subtour_heur; 666; 4; 1.264045; 1211.000000
rat99; 99; subtour_heur; 777; 4; 1.395146; 1211.000000
rat99; 99; subtour_heur; 1995; 4; 1.345733; 1211.000000
rat99; 99; subtour_callback_lazy; 0; 4; 0.567516; 1211.000000
rat99; 99; subtour_callback_lazy; 123456; 4; 0.422590; 1211.000000
rat99; 99; subtour_callback_lazy; 666; 4; 0.444773; 1211.000000
rat99; 99; subtour_callback_lazy; 777; 4; 0.533330; 1211.000000
rat99; 99; subtour_callback_lazy; 1995; 4; 0.490155; 1211.000000
rat99; 99; subtour_callback_general; 0; 4; 0.376257; 1211.000000
rat99; 99; subtour_callback_general; 123456; 4; 0.394025; 1211.000000
rat99; 99; subtour_callback_general; 666; 4; 0.473220; 1211.000000
rat99; 99; subtour_callback_general; 777; 4; 0.434698; 1211.000000
rat99; 99; subtour_callback_general; 1995; 4; 0.443256; 1211.000000
rd100; 100; subtour; 0; 4; 1.848895; 7910.000000
rd100; 100; subtour; 123456; 4; 1.873389; 7910.000000
rd100; 100; subtour; 666; 4; 1.878548; 7910.000000
rd100; 100; subtour; 777; 4; 1.905770; 7910.000000
rd100; 100; subtour; 1995; 4; 1.901762; 7910.000000
rd100; 100; subtour_heur; 0; 4; 1.831130; 7910.000000
rd100; 100; subtour_heur; 123456; 4; 1.825700; 7910.000000
rd100; 100; subtour_heur; 666; 4; 1.993330; 7910.000000
rd100; 100; subtour_heur; 777; 4; 2.309867; 7910.000000
rd100; 100; subtour_heur; 1995; 4; 1.968086; 7910.000000
rd100; 100; subtour_callback_lazy; 0; 4; 1.276108; 7910.000000
rd100; 100; subtour_callback_lazy; 123456; 4; 1.009641; 7910.000000
rd100; 100; subtour_callback_lazy; 666; 4; 0.967576; 7910.000000
rd100; 100; subtour_callback_lazy; 777; 4; 1.196807; 7910.000000
rd100; 100; subtour_callback_lazy; 1995; 4; 0.999405; 7910.000000
rd100; 100; subtour_callback_general; 0; 4; 0.883423; 7910.000000
rd100; 100; subtour_callback_general; 123456; 4; 1.142457; 7910.000000
rd100; 100; subtour_callback_general; 666; 4; 1.469647; 7910.000000
rd100; 100; subtour_callback_general; 777; 4; 1.471742; 7910.000000
rd100; 100; subtour_callback_general; 1995; 4; 1.358481; 7910.000000
st70; 70; subtour; 0; 4; 0.479864; 675.000000
st70; 70; subtour; 123456; 4; 0.445373; 675.000000
st70; 70; subtour; 666; 4; 0.437189; 675.000000
st70; 70; subtour; 777; 4; 0.443038; 675.000000
st70; 70; subtour; 1995; 4; 0.426536; 675.000000
st70; 70; subtour_heur; 0; 4; 0.499023; 675.000000
st70; 70; subtour_heur; 123456; 4; 0.502510; 675.000000
st70; 70; subtour_heur; 666; 4; 0.538759; 675.000000
st70; 70; subtour_heur; 777; 4; 0.571302; 675.000000
st70; 70; subtour_heur; 1995; 4; 0.454658; 675.000000
st70; 70; subtour_callback_lazy; 0; 4; 0.305351; 675.000000
st70; 70; subtour_callback_lazy; 123456; 4; 0.370690; 675.000000
st70; 70; subtour_callback_lazy; 666; 4; 0.242448; 675.000000
st70; 70; subtour_callback_lazy; 777; 4; 0.239752; 675.000000
st70; 70; subtour_callback_lazy; 1995; 4; 0.270730; 675.000000
st70; 70; subtour_callback_general; 0; 4; 0.208635; 675.000000
st70; 70; subtour_callback_general; 123456; 4; 0.323129; 675.000000
st70; 70; subtour_callback_general; 666; 4; 0.261691; 675.000000
st70; 70; subtour_callback_general; 777; 4; 0.294403; 675.000000
st70; 70; subtour_callback_general; 1995; 4; 0.372238; 675.000000
ulysses16; 16; subtour; 0; 4; 0.023353; 6859.000000
ulysses16; 16; subtour; 123456; 4; 0.021806; 6859.000000
ulysses16; 16; subtour; 666; 4; 0.022208; 6859.000000
ulysses16; 16; subtour; 777; 4; 0.020933; 6859.000000
ulysses16; 16; subtour; 1995; 4; 0.020345; 6859.000000
ulysses16; 16; subtour_heur; 0; 4; 0.032154; 6859.000000
ulysses16; 16; subtour_heur; 123456; 4; 0.019423; 6859.000000
ulysses16; 16; subtour_heur; 666; 4; 0.019875; 6859.000000
ulysses16; 16; subtour_heur; 777; 4; 0.024243; 6859.000000
ulysses16; 16; subtour_heur; 1995; 4; 0.019739; 6859.000000
ulysses16; 16; subtour_callback_lazy; 0; 4; 0.006502; 6859.000000
ulysses16; 16; subtour_callback_lazy; 123456; 4; 0.009620; 6859.000000
ulysses16; 16; subtour_callback_lazy; 666; 4; 0.009495; 6859.000000
ulysses16; 16; subtour_callback_lazy; 777; 4; 0.009598; 6859.000000
ulysses16; 16; subtour_callback_lazy; 1995; 4; 0.009480; 6859.000000
ulysses16; 16; subtour_callback_general; 0; 4; 0.011819; 6859.000000
ulysses16; 16; subtour_callback_general; 123456; 4; 0.014059; 6859.000000
ulysses16; 16; subtour_callback_general; 666; 4; 0.014710; 6859.000000
ulysses16; 16; subtour_callback_general; 777; 4; 0.013119; 6859.000000
ulysses16; 16; subtour_callback_general; 1995; 4; 0.015767; 6859.000000
ulysses22; 22; subtour; 0; 4; 0.035383; 7013.000000
ulysses22; 22; subtour; 123456; 4; 0.033892; 7013.000000
ulysses22; 22; subtour; 666; 4; 0.034855; 7013.000000
ulysses22; 22; subtour; 777; 4; 0.032947; 7013.000000
ulysses22; 22; subtour; 1995; 4; 0.035708; 7013.000000
ulysses22; 22; subtour_heur; 0; 4; 0.033885; 7013.000000
ulysses22; 22; subtour_heur; 123456; 4; 0.032730; 7013.000000
ulysses22; 22; subtour_heur; 666; 4; 0.033725; 7013.000000
ulysses22; 22; subtour_heur; 777; 4; 0.028823; 7013.000000
ulysses22; 22; subtour_heur; 1995; 4; 0.030427; 7013.000000
ulysses22; 22; subtour_callback_lazy; 0; 4; 0.020640; 7013.000000
ulysses22; 22; subtour_callback_lazy; 123456; 4; 0.021427; 7013.000000
ulysses22; 22; subtour_callback_lazy; 666; 4; 0.020602; 7013.000000
ulysses22; 22; subtour_callback_lazy; 777; 4; 0.018996; 7013.000000
ulysses22; 22; subtour_callback_lazy; 1995; 4; 0.020614; 7013.000000
ulysses22; 22; subtour_callback_general; 0; 4; 0.027647; 7013.000000
ulysses22; 22; subtour_callback_general; 123456; 4; 0.030155; 7013.000000
ulysses22; 22; subtour_callback_general; 666; 4; 0.026301; 7013.000000
ulysses22; 22; subtour_callback_general; 777; 4; 0.025315; 7013.000000
ulysses22; 22; subtour_callback_general; 1995; 4; 0.025994; 7013.000000
a280; 280; subtour; 0; 4; 9.321763; 2579.000000
a280; 280; subtour; 123456; 4; 15.210758; 2579.000000
a280; 280; subtour; 666; 4; 14.117998; 2579.000000
a280; 280; subtour; 777; 4; 15.400896; 2579.000000
a280; 280; subtour; 1995; 4; 13.601701; 2579.000000
a280; 280; subtour_heur; 0; 4; 21.967821; 2579.000000
a280; 280; subtour_heur; 123456; 4; 16.440295; 2579.000000
a280; 280; subtour_heur; 666; 4; 11.432336; 2579.000000
a280; 280; subtour_heur; 777; 4; 14.336119; 2579.000000
a280; 280; subtour_heur; 1995; 4; 15.891990; 2579.000000
a280; 280; subtour_callback_lazy; 0; 4; 6.484290; 2579.000000
a280; 280; subtour_callback_lazy; 123456; 4; 6.807185; 2579.000000
a280; 280; subtour_callback_lazy; 666; 4; 6.646528; 2579.000000
a280; 280; subtour_callback_lazy; 777; 4; 6.108615; 2579.000000
a280; 280; subtour_callback_lazy; 1995; 4; 8.760572; 2579.000000
a280; 280; subtour_callback_general; 0; 4; 7.802709; 2579.000000
a280; 280; subtour_callback_general; 123456; 4; 9.772659; 2579.000000
a280; 280; subtour_callback_general; 666; 4; 6.699587; 2579.000000
a280; 280; subtour_callback_general; 777; 4; 9.632316; 2579.000000
a280; 280; subtour_callback_general; 1995; 4; 7.428172; 2579.000000
d198; 198; subtour; 0; 4; 31.431398; 15780.000000
d198; 198; subtour; 123456; 4; 29.248609; 15780.000000
d198; 198; subtour; 666; 4; 35.739638; 15780.000000
d198; 198; subtour; 777; 4; 28.273941; 15780.000000
d198; 198; subtour; 1995; 4; 24.091211; 15780.000000
d198; 198; subtour_heur; 0; 4; 32.575481; 15780.000000
d198; 198; subtour_heur; 123456; 4; 29.705223; 15780.000000
d198; 198; subtour_heur; 666; 4; 25.708571; 15780.000000
d198; 198; subtour_heur; 777; 4; 38.704687; 15780.000000
d198; 198; subtour_heur; 1995; 4; 22.646468; 15780.000000
d198; 198; subtour_callback_lazy; 0; 4; 30.719920; 15780.000000
d198; 198; subtour_callback_lazy; 123456; 4; 9.731367; 15780.000000
d198; 198; subtour_callback_lazy; 666; 4; 28.913880; 15780.000000
d198; 198; subtour_callback_lazy; 777; 4; 21.385710; 15780.000000
d198; 198; subtour_callback_lazy; 1995; 4; 10.569819; 15780.000000
d198; 198; subtour_callback_general; 0; 4; 11.433745; 15780.000000
d198; 198; subtour_callback_general; 123456; 4; 10.939227; 15780.000000
d198; 198; subtour_callback_general; 666; 4; 10.838436; 15780.000000
d198; 198; subtour_callback_general; 777; 4; 14.980393; 15780.000000
d198; 198; subtour_callback_general; 1995; 4; 9.921225; 15780.000000
gil262; 262; subtour; 0; 4; 31.589496; 2378.000000
gil262; 262; subtour; 123456; 4; 28.037733; 2378.000000
gil262; 262; subtour; 666; 4; 31.996265; 2378.000000
gil262; 262; subtour; 777; 4; 26.570792; 2378.000000
gil262; 262; subtour; 1995; 4; 37.358195; 2378.000000
gil262; 262; subtour_heur; 0; 4; 33.788132; 2378.000000
gil262; 262; subtour_heur; 123456; 4; 34.712563; 2378.000000
gil262; 262; subtour_heur; 666; 4; 21.836777; 2378.000000
gil262; 262; subtour_heur; 777; 4; 27.656661; 2378.000000
gil262; 262; subtour_heur; 1995; 4; 25.007520; 2378.000000
gil262; 262; subtour_callback_lazy; 0; 4; 40.599231; 2378.000000
gil262; 262; subtour_callback_lazy; 123456; 4; 36.508071; 2378.000000
gil262; 262; subtour_callback_lazy; 666; 4; 32.857498; 2378.000000
gil262; 262; subtour_callback_lazy; 777; 4; 52.642173; 2378.000000
gil262; 262; subtour_callback_lazy; 1995; 4; 49.592833; 2378.000000
gil262; 262; subtour_callback_general; 0; 4; 18.418747; 2378.000000
gil262; 262; subtour_callback_general; 123456; 4; 45.057967; 2378.000000
gil262; 262; subtour_callback_general; 666; 4; 27.549219; 2378.000000
gil262; 262; subtour_callback_general; 777; 4; 32.397690; 2378.000000
gil262; 262; subtour_callback_general; 1995; 4; 31.339904; 2378.000000
gr202; 202; subtour; 0; 4; 13.741580; 40160.000000
gr202; 202; subtour; 123456; 4; 12.631566; 40160.000000
gr202; 202; subtour; 666; 4; 13.389785; 40160.000000
gr202; 202; subtour; 777; 4; 13.578112; 40160.000000
gr202; 202; subtour; 1995; 4; 13.468934; 40160.000000
gr202; 202; subtour_heur; 0; 4; 14.991277; 40160.000000
gr202; 202; subtour_heur; 123456; 4; 15.847482; 40160.000000
gr202; 202; subtour_heur; 666; 4; 17.947163; 40160.000000
gr202; 202; subtour_heur; 777; 4; 15.371458; 40160.000000
gr202; 202; subtour_heur; 1995; 4; 13.452335; 40160.000000
gr202; 202; subtour_callback_lazy; 0; 4; 4.087877; 40160.000000
gr202; 202; subtour_callback_lazy; 123456; 4; 4.768889; 40160.000000
gr202; 202; subtour_callback_lazy; 666; 4; 5.822758; 40160.000000
gr202; 202; subtour_callback_lazy; 777; 4; 5.136518; 40161.000000
gr202; 202; subtour_callback_lazy; 1995; 4; 5.212899; 40160.000000
gr202; 202; subtour_callback_general; 0; 4; 6.130116; 40160.000000
gr202; 202; subtour_callback_general; 123456; 4; 3.859592; 40160.000000
gr202; 202; subtour_callback_general; 666; 4; 6.816007; 40160.000000
gr202; 202; subtour_callback_general; 777; 4; 4.887896; 40161.000000
gr202; 202; subtour_callback_general; 1995; 4; 6.455935; 40161.000000
gr229; 229; subtour; 0; 4; 44.782996; 134602.000000
gr229; 229; subtour; 123456; 4; 48.240999; 134602.000000
gr229; 229; subtour; 666; 4; 47.157811; 134602.000000
gr229; 229; subtour; 777; 4; 46.802417; 134602.000000
gr229; 229; subtour; 1995; 4; 42.185882; 134602.000000
gr229; 229; subtour_heur; 0; 4; 54.972282; 134602.000000
gr229; 229; subtour_heur; 123456; 4; 40.260136; 134602.000000
gr229; 229; subtour_heur; 666; 4; 43.899743; 134602.000000
gr229; 229; subtour_heur; 777; 4; 42.032800; 134602.000000
gr229; 229; subtour_heur; 1995; 4; 43.196477; 134602.000000
gr229; 229; subtour_callback_lazy; 0; 4; 40.869289; 134602.000000
gr229; 229; subtour_callback_lazy; 123456; 4; 38.149182; 134602.000000
gr229; 229; subtour_callback_lazy; 666; 4; 32.484694; 134602.000000
gr229; 229; subtour_callback_lazy; 777; 4; 21.379161; 134602.000000
gr229; 229; subtour_callback_lazy; 1995; 4; 21.600783; 134602.000000
gr229; 229; subtour_callback_general; 0; 4; 24.384967; 134602.000000
gr229; 229; subtour_callback_general; 123456; 4; 17.803328; 134602.000000
gr229; 229; subtour_callback_general; 666; 4; 34.245695; 134602.000000
gr229; 229; subtour_callback_general; 777; 4; 20.969675; 134602.000000
gr229; 229; subtour_callback_general; 1995; 4; 22.774834; 134602.000000
kroA200; 200; subtour; 0; 4; 35.624762; 29368.000000
kroA200; 200; subtour; 123456; 4; 29.534530; 29368.000000
kroA200; 200; subtour; 666; 4; 33.102598; 29368.000000
kroA200; 200; subtour; 777; 4; 30.307907; 29368.000000
kroA200; 200; subtour; 1995; 4; 27.813178; 29368.000000
kroA200; 200; subtour_heur; 0; 4; 38.166312; 29368.000000
kroA200; 200; subtour_heur; 123456; 4; 46.692767; 29368.000000
kroA200; 200; subtour_heur; 666; 4; 29.437507; 29368.000000
kroA200; 200; subtour_heur; 777; 4; 41.978263; 29368.000000
kroA200; 200; subtour_heur; 1995; 4; 26.779758; 29368.000000
kroA200; 200; subtour_callback_lazy; 0; 4; 78.129652; 29368.000000
kroA200; 200; subtour_callback_lazy; 123456; 4; 59.474088; 29368.000000
kroA200; 200; subtour_callback_lazy; 666; 4; 57.613228; 29368.000000
kroA200; 200; subtour_callback_lazy; 777; 4; 58.457313; 29368.000000
kroA200; 200; subtour_callback_lazy; 1995; 4; 55.337324; 29368.000000
kroA200; 200; subtour_callback_general; 0; 4; 23.376105; 29368.000000
kroA200; 200; subtour_callback_general; 123456; 4; 21.580569; 29368.000000
kroA200; 200; subtour_callback_general; 666; 4; 16.021908; 29368.000000
kroA200; 200; subtour_callback_general; 777; 4; 19.419872; 29368.000000
kroA200; 200; subtour_callback_general; 1995; 4; 25.051683; 29368.000000
kroB200; 200; subtour; 0; 4; 12.305039; 29437.000000
kroB200; 200; subtour; 123456; 4; 12.458441; 29437.000000
kroB200; 200; subtour; 666; 4; 13.978553; 29437.000000
kroB200; 200; subtour; 777; 4; 12.696654; 29437.000000
kroB200; 200; subtour; 1995; 4; 13.734987; 29437.000000
kroB200; 200; subtour_heur; 0; 4; 10.475855; 29437.000000
kroB200; 200; subtour_heur; 123456; 4; 9.671196; 29437.000000
kroB200; 200; subtour_heur; 666; 4; 11.165447; 29437.000000
kroB200; 200; subtour_heur; 777; 4; 10.096049; 29437.000000
kroB200; 200; subtour_heur; 1995; 4; 13.559575; 29437.000000
kroB200; 200; subtour_callback_lazy; 0; 4; 33.518775; 29437.000000
kroB200; 200; subtour_callback_lazy; 123456; 4; 16.468600; 29437.000000
kroB200; 200; subtour_callback_lazy; 666; 4; 14.194658; 29437.000000
kroB200; 200; subtour_callback_lazy; 777; 4; 37.628229; 29437.000000
kroB200; 200; subtour_callback_lazy; 1995; 4; 21.001984; 29437.000000
kroB200; 200; subtour_callback_general; 0; 4; 9.285727; 29437.000000
kroB200; 200; subtour_callback_general; 123456; 4; 7.216077; 29437.000000
kroB200; 200; subtour_callback_general; 666; 4; 6.244256; 29437.000000
kroB200; 200; subtour_callback_general; 777; 4; 9.347530; 29437.000000
kroB200; 200; subtour_callback_general; 1995; 4; 9.097383; 29437.000000
pr152; 152; subtour; 0; 4; 5.553473; 73682.000000
pr152; 152; subtour; 123456; 4; 5.454017; 73682.000000
pr152; 152; subtour; 666; 4; 5.536399; 73682.000000
pr152; 152; subtour; 777; 4; 5.356889; 73682.000000
pr152; 152; subtour; 1995; 4; 5.459527; 73682.000000
pr152; 152; subtour_heur; 0; 4; 5.523793; 73682.000000
pr152; 152; subtour_heur; 123456; 4; 6.671842; 73682.000000
pr152; 152; subtour_heur; 666; 4; 5.143781; 73682.000000
pr152; 152; subtour_heur; 777; 4; 5.175391; 73682.000000
pr152; 152; subtour_heur; 1995; 4; 6.307355; 73682.000000
pr152; 152; subtour_callback_lazy; 0; 4; 2.585788; 73682.000000
pr152; 152; subtour_callback_lazy; 123456; 4; 2.764478; 73682.000000
pr152; 152; subtour_callback_lazy; 666; 4; 2.884165; 73682.000000
pr152; 152; subtour_callback_lazy; 777; 4; 2.789993; 73682.000000
pr152; 152; subtour_callback_lazy; 1995; 4; 3.278011; 73682.000000
pr152; 152; subtour_callback_general; 0; 4; 6.839276; 73682.000000
pr152; 152; subtour_callback_general; 123456; 4; 8.252359; 73682.000000
pr152; 152; subtour_callback_general; 666; 4; 6.459148; 73682.000000
pr152; 152; subtour_callback_general; 777; 4; 6.393459; 73682.000000
pr152; 152; subtour_callback_general; 1995; 4; 8.621743; 73682.000000
pr226; 226; subtour; 0; 4; 229.174630; 80369.000000
pr226; 226; subtour; 123456; 4; 64.327874; 80369.000000
pr226; 226; subtour; 666; 4; 548.433717; 80369.000000
pr226; 226; subtour; 777; 4; 58.183027; 80369.000000
pr226; 226; subtour; 1995; 4; 62.166699; 80369.000000
pr226; 226; subtour_heur; 0; 4; 56.261727; 80369.000000
pr226; 226; subtour_heur; 123456; 4; 152.805106; 80369.000000
pr226; 226; subtour_heur; 666; 4; 67.878905; 80369.000000
pr226; 226; subtour_heur; 777; 4; 49.110077; 80369.000000
pr226; 226; subtour_heur; 1995; 4; 69.780309; 80369.000000
pr226; 226; subtour_callback_lazy; 0; 4; 12.092085; 80369.000000
pr226; 226; subtour_callback_lazy; 123456; 4; 13.872502; 80369.000000
pr226; 226; subtour_callback_lazy; 666; 4; 18.061015; 80369.000000
pr226; 226; subtour_callback_lazy; 777; 4; 10.486254; 80369.000000
pr226; 226; subtour_callback_lazy; 1995; 4; 12.209937; 80369.000000
pr226; 226; subtour_callback_general; 0; 4; 14.386436; 80369.000000
pr226; 226; subtour_callback_general; 123456; 4; 11.939057; 80369.000000
pr226; 226; subtour_callback_general; 666; 4; 11.723641; 80369.000000
pr226; 226; subtour_callback_general; 777; 4; 34.795265; 80369.000000
pr226; 226; subtour_callback_general; 1995; 4; 10.661029; 80369.000000
pr264; 264; subtour; 0; 4; 756.926431; 49135.000000
pr264; 264; subtour; 123456; 4; 846.877770; 49135.000000
pr264; 264; subtour; 666; 4; 854.442157; 49135.000000
pr264; 264; subtour; 777; 4; 756.080811; 49135.000000
pr264; 264; subtour; 1995; 4; 331.029713; 49135.000000
pr264; 264; subtour_heur; 0; 4; 1731.661098; 49135.000000
pr264; 264; subtour_heur; 123456; 4; 1831.146096; 49135.000000
pr264; 264; subtour_heur; 666; 4; 2083.569306; 49135.000000
pr264; 264; subtour_heur; 777; 4; 2018.642161; 49135.000000
pr264; 264; subtour_heur; 1995; 4; 1664.225347; 49135.000000
pr264; 264; subtour_callback_lazy; 0; 4; 12.507106; 49135.000000
pr264; 264; subtour_callback_lazy; 123456; 4; 16.588161; 49135.000000
pr264; 264; subtour_callback_lazy; 666; 4; 13.537072; 49135.000000
pr264; 264; subtour_callback_lazy; 777; 4; 23.302361; 49135.000000
pr264; 264; subtour_callback_lazy; 1995; 4; 16.799632; 49135.000000
pr264; 264; subtour_callback_general; 0; 4; 31.169547; 49135.000000
pr264; 264; subtour_callback_general; 123456; 4; 11.617567; 49135.000000
pr264; 264; subtour_callback_general; 666; 4; 22.786036; 49135.000000
pr264; 264; subtour_callback_general; 777; 4; 13.826301; 49135.000000
pr264; 264; subtour_callback_general; 1995; 4; 15.962091; 49135.000000
pr299; 299; subtour; 0; 4; 117.921572; 48191.000000
pr299; 299; subtour; 123456; 4; 116.529743; 48191.000000
pr299; 299; subtour; 666; 4; 122.316742; 48191.000000
pr299; 299; subtour; 777; 4; 135.910980; 48191.000000
pr299; 299; subtour; 1995; 4; 114.272708; 48191.000000
pr299; 299; subtour_heur; 0; 4; 116.229076; 48191.000000
pr299; 299; subtour_heur; 123456; 4; 130.463755; 48191.000000
pr299; 299; subtour_heur; 666; 4; 112.336747; 48191.000000
pr299; 299; subtour_heur; 777; 4; 125.270756; 48191.000000
pr299; 299; subtour_heur; 1995; 4; 116.176848; 48191.000000
pr299; 299; subtour_callback_lazy; 0; 4; 600.079837; 48227.000000
pr299; 299; subtour_callback_lazy; 123456; 4; 600.070630; 48205.000000
pr299; 299; subtour_callback_lazy; 666; 4; 600.907694; 48268.000000
pr299; 299; subtour_callback_lazy; 777; 4; 600.049327; 48223.000000
pr299; 299; subtour_callback_lazy; 1995; 4; 600.812128; 48191.000000
pr299; 299; subtour_callback_general; 0; 4; 91.841065; 48191.000000
pr299; 299; subtour_callback_general; 123456; 4; 96.995341; 48191.000000
pr299; 299; subtour_callback_general; 666; 4; 83.281672; 48191.000000
pr299; 299; subtour_callback_general; 777; 4; 147.019289; 48191.000000
pr299; 299; subtour_callback_general; 1995; 4; 92.280357; 48191.000000
rat195; 195; subtour; 0; 4; 30.064443; 2323.000000
rat195; 195; subtour; 123456; 4; 24.157894; 2323.000000
rat195; 195; subtour; 666; 4; 27.170161; 2323.000000
rat195; 195; subtour; 777; 4; 23.681055; 2323.000000
rat195; 195; subtour; 1995; 4; 26.186845; 2323.000000
rat195; 195; subtour_heur; 0; 4; 25.346986; 2323.000000
rat195; 195; subtour_heur; 123456; 4; 24.269465; 2323.000000
rat195; 195; subtour_heur; 666; 4; 36.566891; 2323.000000
rat195; 195; subtour_heur; 777; 4; 27.943895; 2323.000000
rat195; 195; subtour_heur; 1995; 4; 30.376110; 2323.000000
rat195; 195; subtour_callback_lazy; 0; 4; 13.359010; 2323.000000
rat195; 195; subtour_callback_lazy; 123456; 4; 13.526846; 2323.000000
rat195; 195; subtour_callback_lazy; 666; 4; 16.835609; 2323.000000
rat195; 195; subtour_callback_lazy; 777; 4; 22.993691; 2323.000000
rat195; 195; subtour_callback_lazy; 1995; 4; 16.913266; 2323.000000
rat195; 195; subtour_callback_general; 0; 4; 12.891517; 2323.000000
rat195; 195; subtour_callback_general; 123456; 4; 11.142614; 2323.000000
rat195; 195; subtour_callback_general; 666; 4; 17.644079; 2323.000000
rat195; 195; subtour_callback_general; 777; 4; 16.962873; 2323.000000
rat195; 195; subtour_callback_general; 1995; 4; 13.259556; 2323.000000
rkoA200; 200; subtour; 0; 4; 35.705361; 29368.000000
rkoA200; 200; subtour; 123456; 4; 29.907019; 29368.000000
rkoA200; 200; subtour; 666; 4; 32.786039; 29368.000000
rkoA200; 200; subtour; 777; 4; 30.306578; 29368.000000
rkoA200; 200; subtour; 1995; 4; 27.271397; 29368.000000
rkoA200; 200; subtour_heur; 0; 4; 38.208283; 29368.000000
rkoA200; 200; subtour_heur; 123456; 4; 47.044324; 29368.000000
rkoA200; 200; subtour_heur; 666; 4; 29.192065; 29368.000000
rkoA200; 200; subtour_heur; 777; 4; 42.076275; 29368.000000
rkoA200; 200; subtour_heur; 1995; 4; 26.795396; 29368.000000
rkoA200; 200; subtour_callback_lazy; 0; 4; 77.806708; 29368.000000
rkoA200; 200; subtour_callback_lazy; 123456; 4; 61.635686; 29368.000000
rkoA200; 200; subtour_callback_lazy; 666; 4; 57.732207; 29368.000000
rkoA200; 200; subtour_callback_lazy; 777; 4; 58.218548; 29368.000000
rkoA200; 200; subtour_callback_lazy; 1995; 4; 55.185989; 29368.000000
rkoA200; 200; subtour_callback_general; 0; 4; 23.055603; 29368.000000
rkoA200; 200; subtour_callback_general; 123456; 4; 20.417237; 29368.000000
rkoA200; 200; subtour_callback_general; 666; 4; 14.853131; 29368.000000
rkoA200; 200; subtour_callback_general; 777; 4; 18.379457; 29368.000000
rkoA200; 200; subtour_callback_general; 1995; 4; 23.943241; 29368.000000
